疾病名称,疾病链接,菜品名称,配方,功效,制法
中气不足型低血压,http://www.cnzyao.com/shiliao/nk/5656.html,藕丝羹,嫩鲜藕500克，鸡蛋3个，京糕160克，蜜枣100克，青梅100克，白糖200克。,健脾开胃。,将嫩鲜藕洗净，削去外皮，切成约5厘米长的细丝，放人开水锅内氽一下，捞出。京糕、蜜枣、青梅等均切成与藕同样的细丝。将3个鸡蛋清放入碗内，加入相当蛋清一半的水，用筷子打匀放在大盘内。置放笼里用武火蒸5分钟，即成白色固体蛋羹。然后将各种丝分为5份摆在蛋羹上，两端为藕丝，中间为京糕、蜜枣、青梅丝。锅内倒入200克水，放入白糖，烧开后，用湿淀粉勾成白色甜汁，淋至菜上即可。
中气不足型低血压,http://www.cnzyao.com/shiliao/nk/5656.html,山药茯苓包子,山药 粉、 茯苓 粉各50克，面粉200克，白糖300克。,健脾补气。,山药粉、茯苓粉放在大碗中，加水适量，浸泡成糊，蒸半小时后成糕状。调面粉，常法发面。以白糖、猪油、青红丝少许与山药茯苓糕合成馅，包成包子，蒸熟即可。
中气不足型低血压,http://www.cnzyao.com/shiliao/nk/5656.html,党参牛肉汤,党参 100克，五花牛肉500克。,补中益气。,将党参用纱布袋装好扎紧，牛肉切块，同时放入锅中，加入姜、葱、料酒及适量水，大火烧沸，去浮沫，改小火炖3小时，至牛肉熟烂，取出党参，调味即成。
中气不足型低血压,http://www.cnzyao.com/shiliao/nk/5656.html,莲子猪肚,猪肚 1个，水发莲子40枚。,健脾益胃，补虚益气。,将猪肚洗净，装入水发莲子（去心），用线扎紧肚口，放人锅内，加水适量，炖熟，捞出晾凉，再将猪肚切成细丝，与莲子一起放入盘内。用香油、精盐、葱、 生姜 、大等调料与猪肚丝、莲子拌匀即可食用。
中气不足型低血压,http://www.cnzyao.com/shiliao/nk/5656.html,淮山药泥,淮山药200克，豆沙150克，京糕100克，水豆粉50克，白糖150克，猪油100克。,健脾和胃。,将淮山药粉碎成细末，加入白糖50克，加少许水，搅成细泥，放碗内，京糕加工成细泥，另放碗内，加白糖25克，拌匀，豆沙另碗内，然后将3个碗均上笼蒸熟透后，取出待用。将炒锅烧热，倒入猪油，依次炒京糕泥和豆沙，分别盛在淮山药的两边。将炒勺置武火上，加清水少许，白糖75克，烧沸去沫，用水豆粉勾芡，浇在三泥上面即成。
中气不足型低血压,http://www.cnzyao.com/shiliao/nk/5656.html,参苓山药汤圆,人参 、茯苓、山药各10克，豆沙泥30克，干糯米粉、白糖、熟猪油各适量。,补脾健胃，益气补肾。,将人参、茯苓、山药蒸熟，捣成泥，与豆沙泥、白糖、熟猪油共同拌匀，搓成拇指头大的丸子，备用。将干糯米粉放在盘中，然后放上参苓山药豆沙丸子，将盘于左右摆动，让丸子均匀粘上糯米粉，这时再将粘有糯米粉的丸子逐个蘸水，再放进盘中滚动，使其再粘上干糯米粉，如此反复操作三四次，便成为汤圆。将汤圆在沸水中煮熟，即可食用。
心脾两虚型低血压,http://www.cnzyao.com/shiliao/nk/5655.html,牛肉冻胶,：牛肉1000克，黄酒250克。,：益气健脾。,：将牛肉切成小块，放入锅内，加水适量煎煮，去浮沫，每小时取肉汁1次，加水再煎，前后共取肉汁4次，合并肉汁，以小火继续煎熬，煮至肉汁稠黏时，加入黄酒，再熬至稠黏时停火，将黏稠液倒入盆内，冷藏备用。
心脾两虚型低血压,http://www.cnzyao.com/shiliao/nk/5655.html,蜜枣扒山药,： 山药 1000克，蜜枣150克，罐头樱桃10粒，猪网油1张（碗口大），猪油15克，白糖200克，糖桂花适量。,：补益脾胃，补肾养心。,：将山药煮熟去皮，蜜枣用温水洗净，切成两半，去核。猪网油洗净，晾干水分。樱桃去核备用。扣碗内抹上猪油，将网油平垫碗底，放入樱桃，将蜜枣围在樱桃周围。把山药切成3～4厘米长段，顺长剖为4片，码在蜜枣上。码一层山药，撤一层白糖，依次将山药码完。稍淋些猪油，最上层加入糖桂花，上笼蒸熟。上菜时，将扣碗取出，扣入盘内，去网油。同时给锅内倒入清水，放入白糖溶化，用湿淀粉勾成稀芡，淋于山药上即成。
肾阳亏虚型低血压,http://www.cnzyao.com/shiliao/nk/5653.html,淫羊藿酒,： 淫羊藿 30克，白酒500毫升。,： 益气温阳。,： 将淫羊藿放人白酒中，密封，浸泡7日。
肾阳亏虚型低血压,http://www.cnzyao.com/shiliao/nk/5653.html,鹿茸蛋,： 鹿茸 粉0.3克，鸡蛋1个。,： 补肾益精。,： 将鹿茸粉放入鸡蛋内，蒸熟食之。
肾阳亏虚型低血压,http://www.cnzyao.com/shiliao/nk/5653.html,砂锅牛尾,： 带皮牛尾1000克，净母鸡肉300克，干贝10克，熟火腿30克，鸡汤1500克，猪油30克。,： 补肾壮阳。,：将牛尾用火燎去小毛，刷洗干净，剁成段。火腿肉切成片，干贝去掉筋洗净，把母鸡肉放在水中浸透。锅内放猪油烧热，倒入花椒、葱10克，姜5克（拍松），煸出香味，将牛尾段倒入锅内，用大火煸出血水后，放人料酒，继续煸炒，待牛尾段完全断生，将锅离火取出牛尾段，用水洗净，控干水分。将砂锅置火上，倒入鸡汤，加入葱5克，姜10克，料酒、盐，再将牛尾段、火腿片、干贝和母鸡肉放人锅内，煮开后去浮沫，用文火炖4小时（中间加
肾阳亏虚型低血压,http://www.cnzyao.com/shiliao/nk/5653.html,双鞭壮阳汤,： 枸杞子 、菟丝子、狗鞭各10克，肉苁蓉6克，牛鞭、牛肉各100克，母鸡肉50克。,： 补肾壮阳，益精补髓。,：将牛鞭加水发胀，去表皮，剖成两半，去尿道，用清水洗净，再用冷水漂30分钟；将狗鞭用油砂炒酥，用温水浸泡约30分钟，刷洗洁净；将羊肉洗净后，再放人沸水锅内氽去血水，捞入凉水内漂洗干净。将牛鞭、狗鞭和羊肉放入锅内加清水烧开，撇去浮沫，放入花椒、老 生姜 、料酒和母鸡肉，再烧沸，改用文火煨炖至六成熟时，去除汤中的花椒和老生姜，再置火上，将菟丝子、肉苁蓉、枸杞子用纱布袋子装好扎口，放入汤内，继续煨炖，至牛鞭、
肾阳亏虚型低血压,http://www.cnzyao.com/shiliao/nk/5653.html,复元汤,： 淮山药50克， 肉苁蓉 20克， 菟丝子 10克， 核桃仁 2个，羊瘦肉500克，羊脊骨1具，粳米,： 温补肾阳。,：将羊脊剁成数节，羊瘦肉氽去血水切成块，将淮山药、肉苁蓉、菟丝子、核桃仁用纱布袋装好扎口，生姜、葱白拍破。将以上诸物和粳米同时放入砂锅内注清水适量，武火烧沸，去浮沫，再放入花椒、八角茴香、料酒，移文火继续煮，炖至肉烂为止。加胡椒粉、食盐等调味即成。
糖尿病,http://www.cnzyao.com/shiliao/nk/3870.html,、生山药知母汁,：生山药粉30g，花粉15g， 知母 15g，生鸡内金粉10g， 五味子 10g，葛粉10g。,：用于尿频、下肢浮肿、清热降火等。,：将知母、五味子加水500ml，煎汁300ml，去渣，再将山药粉、葛粉、天花粉、内金粉冷水调糊，趁药液沸滚时倒入搅拌为羹。
糖尿病,http://www.cnzyao.com/shiliao/nk/3870.html,生菜包松仁鱼米,：生菜150g，玉米25g，松子仁10g，色拉油5g，青鱼150g，豆瓣酱5g，盐等调味品适量。,：生菜富含维生素，松仁含不饱和脂肪酸及维生素E，鱼米含优质蛋白。,：1、青鱼改刀成粒状，上浆。起油锅，煸炒松仁、玉米，加入鱼粒，翻炒，加盐和味精后起锅。2、生菜洗净，吃时用整个生菜叶包炒熟的松仁鱼米及豆瓣酱即可。 三 、口蘑冬瓜
糖尿病,http://www.cnzyao.com/shiliao/nk/3870.html,、口蘑冬瓜,：冬瓜100g，口蘑20g，葱、姜末、食盐、味精适量，烹调油5g。,：冬瓜是天然利尿消肿剂，对糖尿病人有良好的消肿作用。,：1、将冬瓜去皮，切成3cm见方的片，口蘑以顶刀切片。2、锅内放油加热，放葱、姜炝锅，放少许清汤、食盐烧开，放入冬瓜、口蘑旺火炒熟，放味精，出锅即可。 四 、雪菜豆腐
糖尿病,http://www.cnzyao.com/shiliao/nk/3870.html,、雪菜豆腐,：豆腐100g，雪菜20g，烹调油5g，食盐、味精适量，葱、姜末少许。,：雪菜具有利尿止泻，祛风散血，消肿止痛的作用，豆腐能够生津润燥、清热解毒。,：1、将豆腐切成2cm见方的块，用开水烫3分钟，捞出备用。2、将雪菜切成碎丁。3、锅放油加热，放葱、姜炝锅，放入雪菜，煸炒;再放豆腐、盐、少量清汤，旺火收汁，放味精，出锅即可。 五 、葛根粉粥
糖尿病,http://www.cnzyao.com/shiliao/nk/3870.html,、葛根粉粥,：粳米100g， 葛根 粉30g。,：具有解热、降血脂和降血糖的作用。,"：1、将葛根洗净后，切成片，加清水磨成浆，沉淀后取淀粉，晒干备用。粳米淘净。2、粳米放入锅内，加清水适量，用武火烧沸后，转用文火煮，煮至米半熟，加葛根粉，再继续用文火煮至米烂成粥。 （本文由 中医药网 整理或引用，内容仅供参考，转载请注明出处，谢谢合作。） 上一篇： 降血压的常见食疗方法 下一篇： 失眠的常见的食疗方法 更多关于 糖尿病 的文章 [ 内科食疗 ] 阴阳两虚型糖尿病4种食疗方 [ 内科食疗 ] 肝肾阴虚型糖尿病4种食疗方 [ 内科食疗 ] 胃燥津伤型糖尿病4种食疗方 [ 内科食疗 ] 燥火伤肺型糖尿病5种食疗方 内科食疗频道热点文章： 肺肾两虚型慢性肾炎3种食疗方 肝郁气滞型消化性溃疡的5种食疗方 阴阳两虚型糖尿病4种食疗方 湿浊困脾型肠功能紊乱5种食疗方 血虚型便秘5种食疗方 药膳食谱大全 内科食疗 外科食疗 妇科病食疗 儿科食疗 五官科食疗 皮肤病食疗 药膳食谱大全热文排行 湿热下注型带下病的4种食疗方 女性月经不调有哪些食疗法？ 肺胃热盛型痤疮的4种食疗方 肝胃不和型慢性胃炎的4种食疗方 淋巴结炎的常见食疗方 脾胃虚寒型慢性胃炎6种食疗方 脾虚湿盛型带下病的3种食疗方 气滞血瘀闭经的3种食疗方 肝气郁结神经衰弱的3种食疗方 糖尿病的常见的食疗方法 中医病理 内科疾病诊断 外科疾病诊断 妇科疾病诊断 儿科疾病诊断 皮肤病诊断 五官科疾病诊断 药膳食谱大全文章推荐 脾虚血瘀型消化性溃疡的4种食疗方 气阴两虚型冠心病的3种食疗方 气滞血瘀慢性鼻炎2食疗方 糖尿病的常见的食疗方法 湿热下注型阳萎2种食疗方 脾虚型腹泻的4种食疗方 气虚下陷型脱肛的3种食疗方 肝郁痰结型颈部淋巴结核3种食疗方 气虚下陷型胃下垂的4种食疗方 中气不足型低血压 疾病预防 右眼跳灾、左眼跳财 这个科学吗？眼皮跳 子宫肌瘤的食疗护理 中老年人白内障的日常饮食食物选择 枕头里装点旧茶叶有降血压效果 肝病患者饮食应该注意的食物 散光眼产生的原因与临床表现 防治近视的中医疗法有哪些 夏季防感冒三个有效的方法 秋天应该注意预防的疾病 秋季应该要预防哪些疾病 其他热文推荐 中医诊断3个基本原则 调经姊妹丸 治湿热内蕴型皮肤瘙痒症的3种食疗方 木蝴蝶的功效与作用 芫荽（香菜）的功效与药用价值 独活寄生汤 气阴两虚型肺结核的4种食疗方 党参的药理研究与临床应用 磁朱丸 当归补血汤 网站简介 | 联系我们 | 合作洽谈 | 人才招聘 | 友情链接 | 版权声明 | 网站导航 Copyright © 2012 WWW.CNZYAO.COM All Rights Reserved. 中医药网 版权所有 Email: cnzyao@gmail.com var _hmt = _hmt || []; (function() { var hm = document.createElement(""script""); hm.src = ""https://hm.baidu.com/hm.js?def4d792efb00527de2216eae58eb6d5""; var s = document.getElementsByTagName(""script"")[0]; s.parentNode.insertBefore(hm, s); })(); 备案/许可证编号： 闽ICP备11026215号-2"
肝阳上亢型高血压,http://www.cnzyao.com/shiliao/nk/586.html,【鲜芹菜汁】,芹菜 250克。,平肝降压。 用法： 每日2次，每次1小杯。 【芹菜翠衣炒鳝片】,芹菜用沸水烫2分钟，切碎绞汁，可适当调味。 【功效】 平肝降压。
肝阳上亢型高血压,http://www.cnzyao.com/shiliao/nk/586.html,【芹菜翠衣炒鳝片】,黄鳝120克，西瓜翠衣150克，芹菜150克，姜、葱、蒜各少许。,清热平肝，利尿降压。 用法： 佐餐食用。 【菊花粥】,将黄鳝活剖，去内脏、脊骨及头，用少许盐腌去黏液，并放人开水中氽去血腥，切片；西瓜翠衣切条；芹菜去根叶，切段，均下热水中焯一下捞起备用。炒锅内加麻油，下姜、蒜茸及葱爆香，放入鳝片稍炒，再入西瓜翠衣、芹菜翻炒至熟，调味勾芡即可。 【功效】 清热平肝，利尿降压。
肝阳上亢型高血压,http://www.cnzyao.com/shiliao/nk/586.html,【菊花粥】,菊花末15克， 粳米 100克。,清热疏风，清肝明目。 用法： 可作早晚餐食用。 【天麻鸭蛋】,菊花去蒂，研成细末备用。梗米加水适量，用武火烧沸，改用文火慢熬，粥将成时调入菊花末，稍煮片刻即可。 【功效】 清热疏风，清肝明目。
肝阳上亢型高血压,http://www.cnzyao.com/shiliao/nk/586.html,【天麻鸭蛋】,天麻 9克，鸭蛋2个。,平肝熄风，清热养阴。 用法： 每日早晨空腹时用开水送食鸭蛋2个，可连服5～7日。 【芹菜凉拌海带】,将鸭蛋放入盐水中浸7日后，在顶端钻1小孔，倒出适量鸭蛋清，再灌入已研成细末的天麻（若鸭蛋不充盈，可将倒出的鸭蛋清重新装入，至充盈为度）。然后用麦面作饼将鸭蛋上的小孔封闭，随即将鸭蛋完全包裹，放在火炭灰中煨熟。 【功效】 平肝熄风，清热养阴。
肝阳上亢型高血压,http://www.cnzyao.com/shiliao/nk/586.html,【芹菜凉拌海带】,芹菜100克，海带50克。,"平肝清热降压。 用法： 佐餐食用。 （本文由 中医药网 整理或引用，内容仅供参考，转载请注明出处，谢谢合作。） 上一篇： 风寒感冒的5个食疗方法 下一篇： 风热感冒的5种简单食疗 更多关于 肝阳上亢型高血压,高血压 的文章 [ 内科食疗 ] 降血压的常见食疗方法 [ 内科食疗 ] 4种阴阳两虚型高血压的食疗方 [ 内科食疗 ] 痰浊内阻型高血压三茶一粥食疗方 [ 内科食疗 ] 肝肾阴虚型高血压3种食疗方法 内科食疗频道热点文章： 阴阳两虚型糖尿病4种食疗方 血虚型便秘5种食疗方 湿浊困脾型肠功能紊乱5种食疗方 肺肾两虚型慢性肾炎3种食疗方 肝郁气滞型消化性溃疡的5种食疗方 药膳食谱大全 内科食疗 外科食疗 妇科病食疗 儿科食疗 五官科食疗 皮肤病食疗 药膳食谱大全热文排行 湿热下注型带下病的4种食疗方 女性月经不调有哪些食疗法？ 肺胃热盛型痤疮的4种食疗方 肝胃不和型慢性胃炎的4种食疗方 淋巴结炎的常见食疗方 脾胃虚寒型慢性胃炎6种食疗方 脾虚湿盛型带下病的3种食疗方 气滞血瘀闭经的3种食疗方 肝气郁结神经衰弱的3种食疗方 糖尿病的常见的食疗方法 中医病理 内科疾病诊断 外科疾病诊断 妇科疾病诊断 儿科疾病诊断 皮肤病诊断 五官科疾病诊断 药膳食谱大全文章推荐 气虚下陷型脱肛的3种食疗方 中气不足型低血压 气阴两虚型冠心病的3种食疗方 气滞血瘀慢性鼻炎2食疗方 气虚下陷型胃下垂的4种食疗方 脾虚血瘀型消化性溃疡的4种食疗方 湿热下注型阳萎2种食疗方 脾虚型腹泻的4种食疗方 肝郁痰结型颈部淋巴结核3种食疗方 糖尿病的常见的食疗方法 疾病预防 右眼跳灾、左眼跳财 这个科学吗？眼皮跳 子宫肌瘤的食疗护理 中老年人白内障的日常饮食食物选择 枕头里装点旧茶叶有降血压效果 肝病患者饮食应该注意的食物 散光眼产生的原因与临床表现 防治近视的中医疗法有哪些 夏季防感冒三个有效的方法 秋天应该注意预防的疾病 秋季应该要预防哪些疾病 其他热文推荐 中医诊断3个基本原则 调经姊妹丸 磁朱丸 当归补血汤 治湿热内蕴型皮肤瘙痒症的3种食疗方 芫荽（香菜）的功效与药用价值 木蝴蝶的功效与作用 党参的药理研究与临床应用 气阴两虚型肺结核的4种食疗方 独活寄生汤 网站简介 | 联系我们 | 合作洽谈 | 人才招聘 | 友情链接 | 版权声明 | 网站导航 Copyright © 2012 WWW.CNZYAO.COM All Rights Reserved. 中医药网 版权所有 Email: cnzyao@gmail.com var _hmt = _hmt || []; (function() { var hm = document.createElement(""script""); hm.src = ""https://hm.baidu.com/hm.js?def4d792efb00527de2216eae58eb6d5""; var s = document.getElementsByTagName(""script"")[0]; s.parentNode.insertBefore(hm, s); })(); 备案/许可证编号： 闽ICP备11026215号-2",芹菜洗净切段，海带洗净切丝，然后分别在沸水中焯一下捞起，一起倒上适量香油、醋、盐、味精调味食用。 【功效】 平肝清热降压。
气不摄血型再生障碍性贫血,http://www.cnzyao.com/shiliao/nk/1338.html,【强力烘蛋糕】,鸡蛋10个，党参30克，黄芪30克，桂圆肉30克，精盐40克，湿淀粉300克，清水40克，熟猪油500克。,补气养血。 用法： 作点心，随意食用。 【鸡血汤】,将党参、黄芪、桂圆肉烘干研成粉末。鸡蛋打入大盆内，加精盐、味精、胡椒粉、湿淀粉、中药末、清水，用竹筷调成较清的蛋糊状备用。锅置文火上，入熟猪油50克，再将蛋糊倒人锅内，不断搅动，待蛋凝时，随即将蛋翻一面，划成长3.5厘米、宽2.5厘米的条方。最后将准备好的七成热的猪油倒入锅内，用文火翻烘。待起泡，捞起盛入圆盘中即成。 【功效】 补气养血。
气不摄血型再生障碍性贫血,http://www.cnzyao.com/shiliao/nk/1338.html,【鸡血汤】,鸡血50克。,开胃补血。 用法： 佐餐食用或作点心食用。 【健脾补血包子】,鸡血蒸熟切丝，做成酸辣汤。 【功效】 开胃补血。
气不摄血型再生障碍性贫血,http://www.cnzyao.com/shiliao/nk/1338.html,【健脾补血包子】,山药100克，茯苓20克，白扁豆25克，白术15克，猪肉,健脾益气，补血养血。 用法： 可作点心或主食食用。 【鱼鳔胶珠】,白术煎取汁和面粉，研细的茯苓粉、白扁豆粉一起和面发酵，再揉人蒸捣烂的山药做包子皮，以猪肉、木耳、菠菜做馅，包成包子蒸熟即可。 【功效】 健脾益气，补血养血。
气不摄血型再生障碍性贫血,http://www.cnzyao.com/shiliao/nk/1338.html,【鱼鳔胶珠】,黄鱼鳔若干。,益气摄血。 用法： 每次烊（开水浸泡）服5克，每日2次。 【归芪蒸鸡】,将黄鱼的白脬，炒炼成胶，再焙黄如珠。 【功效】 益气摄血。
气不摄血型再生障碍性贫血,http://www.cnzyao.com/shiliao/nk/1338.html,【归芪蒸鸡】,当归20克，炙黄芪100克，子母鸡1只。,"益气健脾摄血。 用法： 佐餐食用。 （本文由 中医药网 整理或引用，内容仅供参考，转载请注明出处，谢谢合作。） 上一篇： 阴虚夹湿型痢疾的4种食疗方 下一篇： 肝肾阴虚型再生障碍性贫血的6种食疗方 更多关于 贫血,气不摄血型再生障碍性贫血,再生障碍性贫血 的文章 [ 内科食疗 ] 脾肾阳虚再生障碍性贫血的4种食疗方 [ 内科食疗 ] 肝肾阴虚型再生障碍性贫血的6种食疗方 [ 内科食疗 ] 脾肾阳虚型缺铁性贫血5种食疗方 [ 内科食疗 ] 肝肾亏虚型缺铁性贫血4种食疗方 [ 内科食疗 ] 气血两亏型缺铁性贫血6种食疗方 内科食疗频道热点文章： 血虚型便秘5种食疗方 阴阳两虚型糖尿病4种食疗方 肺肾两虚型慢性肾炎3种食疗方 湿浊困脾型肠功能紊乱5种食疗方 肝郁气滞型消化性溃疡的5种食疗方 药膳食谱大全 内科食疗 外科食疗 妇科病食疗 儿科食疗 五官科食疗 皮肤病食疗 药膳食谱大全热文排行 湿热下注型带下病的4种食疗方 女性月经不调有哪些食疗法？ 肺胃热盛型痤疮的4种食疗方 肝胃不和型慢性胃炎的4种食疗方 淋巴结炎的常见食疗方 脾胃虚寒型慢性胃炎6种食疗方 脾虚湿盛型带下病的3种食疗方 气滞血瘀闭经的3种食疗方 肝气郁结神经衰弱的3种食疗方 糖尿病的常见的食疗方法 中医病理 内科疾病诊断 外科疾病诊断 妇科疾病诊断 儿科疾病诊断 皮肤病诊断 五官科疾病诊断 药膳食谱大全文章推荐 肝郁痰结型颈部淋巴结核3种食疗方 中气不足型低血压 气虚下陷型脱肛的3种食疗方 气虚下陷型胃下垂的4种食疗方 气阴两虚型冠心病的3种食疗方 脾虚型腹泻的4种食疗方 脾虚血瘀型消化性溃疡的4种食疗方 糖尿病的常见的食疗方法 气滞血瘀慢性鼻炎2食疗方 湿热下注型阳萎2种食疗方 疾病预防 右眼跳灾、左眼跳财 这个科学吗？眼皮跳 子宫肌瘤的食疗护理 中老年人白内障的日常饮食食物选择 枕头里装点旧茶叶有降血压效果 肝病患者饮食应该注意的食物 散光眼产生的原因与临床表现 防治近视的中医疗法有哪些 夏季防感冒三个有效的方法 秋天应该注意预防的疾病 秋季应该要预防哪些疾病 其他热文推荐 气阴两虚型肺结核的4种食疗方 木蝴蝶的功效与作用 芫荽（香菜）的功效与药用价值 治湿热内蕴型皮肤瘙痒症的3种食疗方 当归补血汤 磁朱丸 中医诊断3个基本原则 独活寄生汤 党参的药理研究与临床应用 调经姊妹丸 网站简介 | 联系我们 | 合作洽谈 | 人才招聘 | 友情链接 | 版权声明 | 网站导航 Copyright © 2012 WWW.CNZYAO.COM All Rights Reserved. 中医药网 版权所有 Email: cnzyao@gmail.com var _hmt = _hmt || []; (function() { var hm = document.createElement(""script""); hm.src = ""https://hm.baidu.com/hm.js?def4d792efb00527de2216eae58eb6d5""; var s = document.getElementsByTagName(""script"")[0]; s.parentNode.insertBefore(hm, s); })(); 备案/许可证编号： 闽ICP备11026215号-2",将子母鸡洗净，用开水氽去血水，凉水冲洗干净，将黄芪、当归装入鸡腹中，放入盆中，加葱、姜及各种调料、清汤，盖好盆盖，上笼蒸2小时后取出即可。 【功效】 益气健脾摄血。
肝肾阴虚型再生障碍性贫血,http://www.cnzyao.com/shiliao/nk/1339.html,【桑椹米酒】,鲜桑椹500克，糯米200克，鸡蛋5个。,滋阴养血。 用法： 作点心或随意食之。 【甲鱼炖山药】,将鲜桑椹取紫黑者洗净榨汁，同糯米蒸熟，凉后入酒曲适量，发酵成酒酿。取酒酿100毫升加水30O毫升煮开，鸡蛋打散入内即可。 【功效】 滋阴养血。
肝肾阴虚型再生障碍性贫血,http://www.cnzyao.com/shiliao/nk/1339.html,【甲鱼炖山药】,甲鱼1只（约500克），山药片30克，桂圆肉20克。,滋阴养血。 用法： 吃肉喝汤。 【三甲瘦肉汤】,将甲鱼去头尾、爪、内脏，洗净，用开水烫2～3分钟，去背部和裙边上的黑衣，与山药、桂圆肉共入锅中，加水炖熟调味即可。 【功效】 滋阴养血。
肝肾阴虚型再生障碍性贫血,http://www.cnzyao.com/shiliao/nk/1339.html,【三甲瘦肉汤】,龟版15克，鳖甲20克，生牡蛎30克，生熟地各15克，杭白芍15克，肉桂3克，瘦肉500克。,滋阴养血。 用法： 每周2次，吃肉饮汤。 【补血瘦肉汤】,先将龟版、鳖鱼、牡蛎、生熟地、白芍、肉桂用清水漂洗干净，将瘦肉在沸水中氽去血水。将瘦肉切成片，放入砂锅，同时放入龟版、鳖甲等药，加入料酒、食盐、葱段、生姜、味精、白糖等调料，小火炖1小时左右，肉烂即成，食时拣去药渣。 【功效】 滋阴养血。
肝肾阴虚型再生障碍性贫血,http://www.cnzyao.com/shiliao/nk/1339.html,【补血瘦肉汤】,生晒参9克，当归10克，生地、熟地各15克，红枣20枚，瘦猪肉60克。,养阴补肾。 用法： 每日1剂，饮汤食肉。 【二冬甲鱼汤】,瘦肉放入沸水内，去浮沫，加入生晒参、当归、红枣、生地、熟地、料酒、八角茴香，用小火煮1～2小时，食盐、味精调味即可。 【功效】 养阴补肾。
肝肾阴虚型再生障碍性贫血,http://www.cnzyao.com/shiliao/nk/1339.html,【二冬甲鱼汤】,甲鱼1只，天冬、麦冬各15克，枸杞子5克，生地I5克，火腿50克。,滋补肝肾。 用法： 饮汤食甲鱼肉。 【汽锅乌鸡】,甲鱼洗净，放入锅中先煮20分钟，取出，剔去上壳和腹甲，切成3厘米段，与调料及诸药同煮，待甲鱼熟透即可。 【功效】 滋补肝肾。
肝肾阴虚型再生障碍性贫血,http://www.cnzyao.com/shiliao/nk/1339.html,【汽锅乌鸡】,乌骨鸡1只，冬虫夏草10克，黄精5克，熟地5克，党参10克，玉兰片、冬菇、绍酒、盐等适量。,"滋养肝肾，宁络止血。 用法： 佐餐食用。 （本文由 中医药网 整理或引用，内容仅供参考，转载请注明出处，谢谢合作。） 上一篇： 气不摄血型再生障碍性贫血的5种食疗方 下一篇： 脾肾阳虚再生障碍性贫血的4种食疗方 更多关于 贫血,肝肾阴虚型再生障碍性贫血,再生障碍性贫血 的文章 [ 内科食疗 ] 脾肾阳虚再生障碍性贫血的4种食疗方 [ 内科食疗 ] 气不摄血型再生障碍性贫血的5种食疗方 [ 内科食疗 ] 脾肾阳虚型缺铁性贫血5种食疗方 [ 内科食疗 ] 肝肾亏虚型缺铁性贫血4种食疗方 [ 内科食疗 ] 气血两亏型缺铁性贫血6种食疗方 内科食疗频道热点文章： 阴阳两虚型糖尿病4种食疗方 肝郁气滞型消化性溃疡的5种食疗方 血虚型便秘5种食疗方 肺肾两虚型慢性肾炎3种食疗方 湿浊困脾型肠功能紊乱5种食疗方 药膳食谱大全 内科食疗 外科食疗 妇科病食疗 儿科食疗 五官科食疗 皮肤病食疗 药膳食谱大全热文排行 湿热下注型带下病的4种食疗方 女性月经不调有哪些食疗法？ 肺胃热盛型痤疮的4种食疗方 肝胃不和型慢性胃炎的4种食疗方 淋巴结炎的常见食疗方 脾胃虚寒型慢性胃炎6种食疗方 脾虚湿盛型带下病的3种食疗方 气滞血瘀闭经的3种食疗方 肝气郁结神经衰弱的3种食疗方 糖尿病的常见的食疗方法 中医病理 内科疾病诊断 外科疾病诊断 妇科疾病诊断 儿科疾病诊断 皮肤病诊断 五官科疾病诊断 药膳食谱大全文章推荐 肝郁痰结型颈部淋巴结核3种食疗方 脾虚型腹泻的4种食疗方 湿热下注型阳萎2种食疗方 气滞血瘀慢性鼻炎2食疗方 气虚下陷型胃下垂的4种食疗方 中气不足型低血压 气阴两虚型冠心病的3种食疗方 糖尿病的常见的食疗方法 脾虚血瘀型消化性溃疡的4种食疗方 气虚下陷型脱肛的3种食疗方 疾病预防 右眼跳灾、左眼跳财 这个科学吗？眼皮跳 子宫肌瘤的食疗护理 中老年人白内障的日常饮食食物选择 枕头里装点旧茶叶有降血压效果 肝病患者饮食应该注意的食物 散光眼产生的原因与临床表现 防治近视的中医疗法有哪些 夏季防感冒三个有效的方法 秋天应该注意预防的疾病 秋季应该要预防哪些疾病 其他热文推荐 芫荽（香菜）的功效与药用价值 中医诊断3个基本原则 党参的药理研究与临床应用 木蝴蝶的功效与作用 独活寄生汤 磁朱丸 治湿热内蕴型皮肤瘙痒症的3种食疗方 调经姊妹丸 当归补血汤 气阴两虚型肺结核的4种食疗方 网站简介 | 联系我们 | 合作洽谈 | 人才招聘 | 友情链接 | 版权声明 | 网站导航 Copyright © 2012 WWW.CNZYAO.COM All Rights Reserved. 中医药网 版权所有 Email: cnzyao@gmail.com var _hmt = _hmt || []; (function() { var hm = document.createElement(""script""); hm.src = ""https://hm.baidu.com/hm.js?def4d792efb00527de2216eae58eb6d5""; var s = document.getElementsByTagName(""script"")[0]; s.parentNode.insertBefore(hm, s); })(); 备案/许可证编号： 闽ICP备11026215号-2",乌骨鸡洗净切块，与上述原料均放入蒸锅内，加少许清汤，蒸2～3小时，即可食用。 【功效】 滋养肝肾，宁络止血。
脾肾阳虚再生障碍性贫血,http://www.cnzyao.com/shiliao/nk/1340.html,【三鲜蒸饺】,虾仁100克， 韭菜 100克，海参10克，鸡蛋100克，面粉适量。,补肾益阳，养血填精。 用法： 可作主食食用。 【补肾壮阳虾酥】,将诸料制为馅，和面包为饺子，蒸熟即可。 【功效】 补肾益阳，养血填精。
脾肾阳虚再生障碍性贫血,http://www.cnzyao.com/shiliao/nk/1340.html,【补肾壮阳虾酥】,大对虾1对， 黑芝麻 50克。,补肾阳，益精血。 用法： 佐餐食用。 【羊髓蜜膏】,对虾取肉为茸，加绍酒调味，置于面包托上，蘸黑芝麻炸成金黄。 【功效】 补肾阳，益精血。
脾肾阳虚再生障碍性贫血,http://www.cnzyao.com/shiliao/nk/1340.html,【羊髓蜜膏】,羊髓、白蜜各250克，生 甘草 50克。,温肾健脾。 用法： 每日3次，每次2匙，开水冲服。 【羊肾膏】,将新鲜羊胫骨砸断，取出骨髓。先以1000毫升水煮甘草，取汁500毫升，然后加入白蜜及羊髓，煎煮半小时后过滤取汁，文火熬至饴糖状，放入砂罐中贮存备用。 【功效】 温肾健脾。
脾肾阳虚再生障碍性贫血,http://www.cnzyao.com/shiliao/nk/1340.html,【羊肾膏】,羊肾2对， 熟地 300克，红糖1000克。,温阳益气暖肾。 用法： 每日3次，每次2匙，开水冲服。 【胎盘饮】,将新鲜羊肾对半切开，去掉筋膜，洗净后切碎，和熟地一同加水适量，文火炖煮1小时后，取出滤液；余渣加水炖煮取汁，同法再取汁1次。共煮取汁3次，合并3次滤液，文火浓缩成胶状，加红糖收膏。 【功效】 温阳益气暖肾。
脾肾阳虚再生障碍性贫血,http://www.cnzyao.com/shiliao/nk/1340.html,【胎盘饮】,鲜胎盘半个，冬虫夏草10～15克，桂圆肉30克。,"温肾补脾。 用法： 吃胎盘喝汤。 （本文由 中医药网 整理或引用，内容仅供参考，转载请注明出处，谢谢合作。） 上一篇： 肝肾阴虚型再生障碍性贫血的6种食疗方 下一篇： 乙肝大三阳吃什么蔬菜好？ 更多关于 贫血,脾肾阳虚再生障碍性贫血,再生障碍性贫血 的文章 [ 内科食疗 ] 肝肾阴虚型再生障碍性贫血的6种食疗方 [ 内科食疗 ] 气不摄血型再生障碍性贫血的5种食疗方 [ 内科食疗 ] 脾肾阳虚型缺铁性贫血5种食疗方 [ 内科食疗 ] 肝肾亏虚型缺铁性贫血4种食疗方 [ 内科食疗 ] 气血两亏型缺铁性贫血6种食疗方 内科食疗频道热点文章： 血虚型便秘5种食疗方 湿浊困脾型肠功能紊乱5种食疗方 肺肾两虚型慢性肾炎3种食疗方 阴阳两虚型糖尿病4种食疗方 肝郁气滞型消化性溃疡的5种食疗方 药膳食谱大全 内科食疗 外科食疗 妇科病食疗 儿科食疗 五官科食疗 皮肤病食疗 药膳食谱大全热文排行 湿热下注型带下病的4种食疗方 女性月经不调有哪些食疗法？ 肺胃热盛型痤疮的4种食疗方 肝胃不和型慢性胃炎的4种食疗方 淋巴结炎的常见食疗方 脾胃虚寒型慢性胃炎6种食疗方 脾虚湿盛型带下病的3种食疗方 气滞血瘀闭经的3种食疗方 肝气郁结神经衰弱的3种食疗方 糖尿病的常见的食疗方法 中医病理 内科疾病诊断 外科疾病诊断 妇科疾病诊断 儿科疾病诊断 皮肤病诊断 五官科疾病诊断 药膳食谱大全文章推荐 湿热下注型阳萎2种食疗方 脾虚型腹泻的4种食疗方 脾虚血瘀型消化性溃疡的4种食疗方 气滞血瘀慢性鼻炎2食疗方 糖尿病的常见的食疗方法 气虚下陷型胃下垂的4种食疗方 中气不足型低血压 气虚下陷型脱肛的3种食疗方 气阴两虚型冠心病的3种食疗方 肝郁痰结型颈部淋巴结核3种食疗方 疾病预防 右眼跳灾、左眼跳财 这个科学吗？眼皮跳 子宫肌瘤的食疗护理 中老年人白内障的日常饮食食物选择 枕头里装点旧茶叶有降血压效果 肝病患者饮食应该注意的食物 散光眼产生的原因与临床表现 防治近视的中医疗法有哪些 夏季防感冒三个有效的方法 秋天应该注意预防的疾病 秋季应该要预防哪些疾病 其他热文推荐 芫荽（香菜）的功效与药用价值 党参的药理研究与临床应用 磁朱丸 气阴两虚型肺结核的4种食疗方 中医诊断3个基本原则 调经姊妹丸 治湿热内蕴型皮肤瘙痒症的3种食疗方 木蝴蝶的功效与作用 独活寄生汤 当归补血汤 网站简介 | 联系我们 | 合作洽谈 | 人才招聘 | 友情链接 | 版权声明 | 网站导航 Copyright © 2012 WWW.CNZYAO.COM All Rights Reserved. 中医药网 版权所有 Email: cnzyao@gmail.com var _hmt = _hmt || []; (function() { var hm = document.createElement(""script""); hm.src = ""https://hm.baidu.com/hm.js?def4d792efb00527de2216eae58eb6d5""; var s = document.getElementsByTagName(""script"")[0]; s.parentNode.insertBefore(hm, s); })(); 备案/许可证编号： 闽ICP备11026215号-2",将胎盘洗净切块，同二药共入锅中，加水炖熟，调味即可。 【功效】 温肾补脾。
肝胆湿热型慢性肝炎、肝硬化,http://www.cnzyao.com/shiliao/nk/910.html,【李子茶】,鲜李子100～150克，绿茶2克， 蜂蜜 25克。,清热利湿，柔肝散结。 用法： 每日1剂，分早、中、晚3次服用。 【紫茄子大米粥】,将鲜李子剖开，加水300毫升，煮沸3分钟，再加茶叶与蜂蜜，沸后即可。 【功效】 清热利湿，柔肝散结。
肝胆湿热型慢性肝炎、肝硬化,http://www.cnzyao.com/shiliao/nk/910.html,【紫茄子大米粥】,紫茄子1000克，大米150克。,清热利湿退黄。 用法： 随意服食，连服数日。 【山栀根煮鸡蛋】,将紫茄子切碎，与大米共煮成粥。 【功效】 清热利湿退黄。
肝胆湿热型慢性肝炎、肝硬化,http://www.cnzyao.com/shiliao/nk/910.html,【山栀根煮鸡蛋】,山栀根15克，鸡蛋1个。,"清热解毒退黄。 用法： 饮汤吃蛋，每日1剂，连服10日为1个疗程。 （本文由 中医药网 整理或引用，内容仅供参考，转载请注明出处，谢谢合作。） 上一篇： 肝气郁结型慢性肝炎、肝硬化4种食疗方 下一篇： 肝肾阴虚型慢性肝炎、肝硬化4种食疗方 更多关于 肝胆湿热型慢性肝炎、肝硬化,慢性肝炎 的文章 [ 内科食疗 ] 瘀血停滞型慢性肝炎、肝硬化3种食疗方 [ 内科食疗 ] 脾肾阳虚型慢性肝炎、肝硬化3种食疗方 [ 内科食疗 ] 水湿内停型慢性肝炎、肝硬化3种食疗方 [ 内科食疗 ] 肝肾阴虚型慢性肝炎、肝硬化4种食疗方 [ 内科食疗 ] 肝气郁结型慢性肝炎、肝硬化4种食疗方 内科食疗频道热点文章： 肝郁气滞型消化性溃疡的5种食疗方 血虚型便秘5种食疗方 湿浊困脾型肠功能紊乱5种食疗方 阴阳两虚型糖尿病4种食疗方 肺肾两虚型慢性肾炎3种食疗方 药膳食谱大全 内科食疗 外科食疗 妇科病食疗 儿科食疗 五官科食疗 皮肤病食疗 药膳食谱大全热文排行 湿热下注型带下病的4种食疗方 女性月经不调有哪些食疗法？ 肺胃热盛型痤疮的4种食疗方 肝胃不和型慢性胃炎的4种食疗方 淋巴结炎的常见食疗方 脾胃虚寒型慢性胃炎6种食疗方 脾虚湿盛型带下病的3种食疗方 气滞血瘀闭经的3种食疗方 肝气郁结神经衰弱的3种食疗方 糖尿病的常见的食疗方法 中医病理 内科疾病诊断 外科疾病诊断 妇科疾病诊断 儿科疾病诊断 皮肤病诊断 五官科疾病诊断 药膳食谱大全文章推荐 中气不足型低血压 气滞血瘀慢性鼻炎2食疗方 气虚下陷型脱肛的3种食疗方 湿热下注型阳萎2种食疗方 糖尿病的常见的食疗方法 脾虚型腹泻的4种食疗方 肝郁痰结型颈部淋巴结核3种食疗方 脾虚血瘀型消化性溃疡的4种食疗方 气虚下陷型胃下垂的4种食疗方 气阴两虚型冠心病的3种食疗方 疾病预防 右眼跳灾、左眼跳财 这个科学吗？眼皮跳 子宫肌瘤的食疗护理 中老年人白内障的日常饮食食物选择 枕头里装点旧茶叶有降血压效果 肝病患者饮食应该注意的食物 散光眼产生的原因与临床表现 防治近视的中医疗法有哪些 夏季防感冒三个有效的方法 秋天应该注意预防的疾病 秋季应该要预防哪些疾病 其他热文推荐 当归补血汤 党参的药理研究与临床应用 气阴两虚型肺结核的4种食疗方 调经姊妹丸 芫荽（香菜）的功效与药用价值 木蝴蝶的功效与作用 治湿热内蕴型皮肤瘙痒症的3种食疗方 磁朱丸 独活寄生汤 中医诊断3个基本原则 网站简介 | 联系我们 | 合作洽谈 | 人才招聘 | 友情链接 | 版权声明 | 网站导航 Copyright © 2012 WWW.CNZYAO.COM All Rights Reserved. 中医药网 版权所有 Email: cnzyao@gmail.com var _hmt = _hmt || []; (function() { var hm = document.createElement(""script""); hm.src = ""https://hm.baidu.com/hm.js?def4d792efb00527de2216eae58eb6d5""; var s = document.getElementsByTagName(""script"")[0]; s.parentNode.insertBefore(hm, s); })(); 备案/许可证编号： 闽ICP备11026215号-2",山栀根、鸡蛋加水400毫升，文火煮沸15分钟，去渣即可。 【功效】 清热解毒退黄。
阳虚型便秘,http://www.cnzyao.com/shiliao/nk/908.html,【杏仁当归炖猪肺】,杏仁15克， 当归 15克，猪肺250克。,温通开秘。 用法： 每日1次，吃猪肺饮汤。可连续食用数日。 【锁蓉羊肉面】,将猪肺洗净切片，在沸水中氽后捞起，与杏仁、当归同放入砂锅内，加清水适量煮汤，煮熟后调味即可。 【功效】 温通开秘。
阳虚型便秘,http://www.cnzyao.com/shiliao/nk/908.html,【锁蓉羊肉面】,锁阳 5克， 肉苁蓉 5克，羊肉50克，面粉200克。,温阳通便。 用法： 作主食或点心食用。 【锁阳红糖饮】,水煎锁阳、肉苁蓉，去渣留汁，待凉，以药汁合面做面条，用羊肉汤煮面，加葱、盐等调味即成。 【功效】 温阳通便。
阳虚型便秘,http://www.cnzyao.com/shiliao/nk/908.html,【锁阳红糖饮】,锁阳15克，红糖适量。,温阳润肠通便。 用法： 每日1剂，分两次服完。 【苁蓉羊肾】,水煎锁阳，去渣留汁，加红糖适量，饮服。 【功效】 温阳润肠通便。
阳虚型便秘,http://www.cnzyao.com/shiliao/nk/908.html,【苁蓉羊肾】,肉苁蓉30克，羊肾1对。,"温阳通便。 用法： 每日1次，分早晚2次服完。 （本文由 中医药网 整理或引用，内容仅供参考，转载请注明出处，谢谢合作。） 上一篇： 血虚型便秘5种食疗方 下一篇： 肝气郁结型慢性肝炎、肝硬化4种食疗方 更多关于 阳虚型便秘 的文章 内科食疗频道热点文章： 肝郁气滞型消化性溃疡的5种食疗方 肺肾两虚型慢性肾炎3种食疗方 血虚型便秘5种食疗方 阴阳两虚型糖尿病4种食疗方 湿浊困脾型肠功能紊乱5种食疗方 药膳食谱大全 内科食疗 外科食疗 妇科病食疗 儿科食疗 五官科食疗 皮肤病食疗 药膳食谱大全热文排行 湿热下注型带下病的4种食疗方 女性月经不调有哪些食疗法？ 肺胃热盛型痤疮的4种食疗方 肝胃不和型慢性胃炎的4种食疗方 淋巴结炎的常见食疗方 脾胃虚寒型慢性胃炎6种食疗方 脾虚湿盛型带下病的3种食疗方 气滞血瘀闭经的3种食疗方 肝气郁结神经衰弱的3种食疗方 糖尿病的常见的食疗方法 中医病理 内科疾病诊断 外科疾病诊断 妇科疾病诊断 儿科疾病诊断 皮肤病诊断 五官科疾病诊断 药膳食谱大全文章推荐 湿热下注型阳萎2种食疗方 脾虚型腹泻的4种食疗方 肝郁痰结型颈部淋巴结核3种食疗方 气阴两虚型冠心病的3种食疗方 气虚下陷型脱肛的3种食疗方 气虚下陷型胃下垂的4种食疗方 气滞血瘀慢性鼻炎2食疗方 脾虚血瘀型消化性溃疡的4种食疗方 中气不足型低血压 糖尿病的常见的食疗方法 疾病预防 右眼跳灾、左眼跳财 这个科学吗？眼皮跳 子宫肌瘤的食疗护理 中老年人白内障的日常饮食食物选择 枕头里装点旧茶叶有降血压效果 肝病患者饮食应该注意的食物 散光眼产生的原因与临床表现 防治近视的中医疗法有哪些 夏季防感冒三个有效的方法 秋天应该注意预防的疾病 秋季应该要预防哪些疾病 其他热文推荐 木蝴蝶的功效与作用 独活寄生汤 磁朱丸 调经姊妹丸 气阴两虚型肺结核的4种食疗方 中医诊断3个基本原则 芫荽（香菜）的功效与药用价值 当归补血汤 治湿热内蕴型皮肤瘙痒症的3种食疗方 党参的药理研究与临床应用 网站简介 | 联系我们 | 合作洽谈 | 人才招聘 | 友情链接 | 版权声明 | 网站导航 Copyright © 2012 WWW.CNZYAO.COM All Rights Reserved. 中医药网 版权所有 Email: cnzyao@gmail.com var _hmt = _hmt || []; (function() { var hm = document.createElement(""script""); hm.src = ""https://hm.baidu.com/hm.js?def4d792efb00527de2216eae58eb6d5""; var s = document.getElementsByTagName(""script"")[0]; s.parentNode.insertBefore(hm, s); })(); 备案/许可证编号： 闽ICP备11026215号-2",羊肾剔去筋膜细切，用酱油、淀粉、黄酒拌匀稍腌渍。肉苁蓉加水适量；煮20分钟，去渣留汁。再入羊肾同煮至水沸，加葱、姜盐、味精、香油调味即成。 【功效】 温阳通便。
失眠,http://www.cnzyao.com/shiliao/nk/3372.html,【莲桂枣仁汤】,：桂圆10克， 莲子 20克， 酸枣仁 5克，大枣10枚。 【制作方法】：易汗出加五味子5克，体质虚弱明显加灵芝10克，虚烦不宁加百合10克，脾虚明显加山药30克，同煮汤服食。 【功能主治】：此方适宜心脾气血两虚之纳差乏力、失眠健忘者 【百合粥】,,
失眠,http://www.cnzyao.com/shiliao/nk/3372.html,【百合粥】,：鲜 百合 30克，糯米50克，冰糖适量。 【功能主治】：本方具有补中润肺、清心安神的功效。 【制作方法】：糯米煮粥，米将熟时加入百合煮至粥成，冰糖调味。如无鲜百合可以用干百合10克代之，直接与米同煮为粥。 【用法用量】：每日2次，早、晚温热服食。 【甘麦大枣汤】,,
失眠,http://www.cnzyao.com/shiliao/nk/3372.html,【甘麦大枣汤】,： 甘草 10克，大枣5枚，小麦10克。 【功能主治】：凡心气不足、阴虚血少、失眠盗汗、烦躁不安、悲伤欲哭者皆可食用本品。 【制作方法】：将三药用冷水浸泡后，用小火煎煮，共煎煮两次，合并煎液。 【用法用量】：每日2次，早、晚温服，喝汤食枣。 【大枣茯神粥】,,
失眠,http://www.cnzyao.com/shiliao/nk/3372.html,【大枣茯神粥】,： 大枣 5枚，粟米50克， 茯神 10克。 【功能主治】：本方具有健脾养心、安神益智的作用。 【制作方法】：用水煎煮茯神，滤取汁液，以茯神药液与大枣、粟米同煮为粥。 【用法用量】：每日2次，早、晚服食。 【桑葚百合粥】,,
失眠,http://www.cnzyao.com/shiliao/nk/3372.html,【桑葚百合粥】,：鲜 桑椹 100克，鲜百合50克。 【功能主治】：本方适合于心肾不交、烦热不眠之证。脾胃虚寒泄泻者忌用本方。 【制作方法】：将两味洗净，水煎服。 【用法用量】：每日1次。 【葱枣饮】,,
失眠,http://www.cnzyao.com/shiliao/nk/3372.html,【葱枣饮】,"：大枣20枚， 葱白 10克。 【功能主治】：此方适用于心慌乏力、食少倦怠、烦闷不得眠。 【制作方法】：把大枣掰开，与葱白一起入锅，加水煎煮，15~20分钟后取汤液。 【用法用量】：每晚1次，温热饮服。 （本文由 中医药网 整理或引用，内容仅供参考，转载请注明出处，谢谢合作。） 上一篇： 乙肝大三阳吃什么蔬菜好？ 下一篇： 降血压的常见食疗方法 更多关于 失眠药膳食谱,食疗治失眠,治疗失眠,失眠 的文章 内科食疗频道热点文章： 湿浊困脾型肠功能紊乱5种食疗方 肝郁气滞型消化性溃疡的5种食疗方 阴阳两虚型糖尿病4种食疗方 血虚型便秘5种食疗方 肺肾两虚型慢性肾炎3种食疗方 药膳食谱大全 内科食疗 外科食疗 妇科病食疗 儿科食疗 五官科食疗 皮肤病食疗 药膳食谱大全热文排行 湿热下注型带下病的4种食疗方 女性月经不调有哪些食疗法？ 肺胃热盛型痤疮的4种食疗方 肝胃不和型慢性胃炎的4种食疗方 淋巴结炎的常见食疗方 脾胃虚寒型慢性胃炎6种食疗方 脾虚湿盛型带下病的3种食疗方 气滞血瘀闭经的3种食疗方 肝气郁结神经衰弱的3种食疗方 糖尿病的常见的食疗方法 中医病理 内科疾病诊断 外科疾病诊断 妇科疾病诊断 儿科疾病诊断 皮肤病诊断 五官科疾病诊断 药膳食谱大全文章推荐 气虚下陷型胃下垂的4种食疗方 气虚下陷型脱肛的3种食疗方 气滞血瘀慢性鼻炎2食疗方 气阴两虚型冠心病的3种食疗方 脾虚型腹泻的4种食疗方 肝郁痰结型颈部淋巴结核3种食疗方 湿热下注型阳萎2种食疗方 脾虚血瘀型消化性溃疡的4种食疗方 糖尿病的常见的食疗方法 中气不足型低血压 疾病预防 右眼跳灾、左眼跳财 这个科学吗？眼皮跳 子宫肌瘤的食疗护理 中老年人白内障的日常饮食食物选择 枕头里装点旧茶叶有降血压效果 肝病患者饮食应该注意的食物 散光眼产生的原因与临床表现 防治近视的中医疗法有哪些 夏季防感冒三个有效的方法 秋天应该注意预防的疾病 秋季应该要预防哪些疾病 其他热文推荐 治湿热内蕴型皮肤瘙痒症的3种食疗方 当归补血汤 气阴两虚型肺结核的4种食疗方 木蝴蝶的功效与作用 党参的药理研究与临床应用 芫荽（香菜）的功效与药用价值 独活寄生汤 中医诊断3个基本原则 调经姊妹丸 磁朱丸 网站简介 | 联系我们 | 合作洽谈 | 人才招聘 | 友情链接 | 版权声明 | 网站导航 Copyright © 2012 WWW.CNZYAO.COM All Rights Reserved. 中医药网 版权所有 Email: cnzyao@gmail.com var _hmt = _hmt || []; (function() { var hm = document.createElement(""script""); hm.src = ""https://hm.baidu.com/hm.js?def4d792efb00527de2216eae58eb6d5""; var s = document.getElementsByTagName(""script"")[0]; s.parentNode.insertBefore(hm, s); })(); 备案/许可证编号： 闽ICP备11026215号-2",,
气虚型便秘,http://www.cnzyao.com/shiliao/nk/906.html,【杏仁芝麻糖】,甜杏仁60克， 黑芝麻 500克，白糖250克，蜂蜜250克。,益气润肠。 用法： 每日2次，每次1匙，饭后宜咀嚼咽下。 【人参黑芝麻饮】,甜杏仁打碎成泥，黑芝麻淘洗干净，倒入铁锅内。用小火炒至水气散尽，芝麻发出响声立即盛碗，稍凉后，研碎。将杏仁泥、黑芝麻、白糖、蜂蜜，倒入大瓷盆内，拌匀，瓷盆加盖，隔水蒸2小时，离火。 【功效】 益气润肠。
气虚型便秘,http://www.cnzyao.com/shiliao/nk/906.html,【人参黑芝麻饮】,人参 5～10克，黑芝麻15克，白糖适量。,益气润肠，滋养肝肾。 用法： 可作早晚餐或点心食用。 【黄芪苏麻粥】,黑芝麻捣烂备用。人参水煎去渣留汁，加入黑芝麻及适量白糖，煮沸即可。 【功效】 益气润肠，滋养肝肾。
气虚型便秘,http://www.cnzyao.com/shiliao/nk/906.html,【黄芪苏麻粥】,黄芪10克， 苏子 50克， 火麻仁 50克，梗米250克。,益气润肠。 用法： 每日1剂，分数次食完。 【芪香蜜营膏】,黄芪、苏子弋火麻仁打碎，加水适量煎煮5～10分钟，取药汁备用，入粳米，以药汁煮粥。 【功效】 益气润肠。
气虚型便秘,http://www.cnzyao.com/shiliao/nk/906.html,【芪香蜜营膏】,黄芪 300克， 木香 45克，蜂蜜适量。,补气行气，润肠通便。 用法： 每日2次，每次1汤匙，沸水冲化。 【麻仁栗子糕】,将黄芪、木香加水适量煎煮。每30分钟取煎液1次，加水再煎，共取2次，合并煎液，再以小火煎熬浓缩，至较稠黏时，加蜂蜜一倍，至沸停火，待冷装瓶备用。 【功效】 补气行气，润肠通便。
气虚型便秘,http://www.cnzyao.com/shiliao/nk/906.html,【麻仁栗子糕】,火麻仁10克，芝麻5克，栗子粉50克，玉米面50克。,"补气润肠通便。 用法： 作点心服食。 （本文由 中医药网 整理或引用，内容仅供参考，转载请注明出处，谢谢合作。） 上一篇： 气滞型便秘3种食疗方 下一篇： 血虚型便秘5种食疗方 更多关于 气虚型便秘 的文章 内科食疗频道热点文章： 湿浊困脾型肠功能紊乱5种食疗方 肝郁气滞型消化性溃疡的5种食疗方 血虚型便秘5种食疗方 阴阳两虚型糖尿病4种食疗方 肺肾两虚型慢性肾炎3种食疗方 药膳食谱大全 内科食疗 外科食疗 妇科病食疗 儿科食疗 五官科食疗 皮肤病食疗 药膳食谱大全热文排行 湿热下注型带下病的4种食疗方 女性月经不调有哪些食疗法？ 肺胃热盛型痤疮的4种食疗方 肝胃不和型慢性胃炎的4种食疗方 淋巴结炎的常见食疗方 脾胃虚寒型慢性胃炎6种食疗方 脾虚湿盛型带下病的3种食疗方 气滞血瘀闭经的3种食疗方 肝气郁结神经衰弱的3种食疗方 糖尿病的常见的食疗方法 中医病理 内科疾病诊断 外科疾病诊断 妇科疾病诊断 儿科疾病诊断 皮肤病诊断 五官科疾病诊断 药膳食谱大全文章推荐 中气不足型低血压 糖尿病的常见的食疗方法 气虚下陷型脱肛的3种食疗方 气阴两虚型冠心病的3种食疗方 脾虚型腹泻的4种食疗方 脾虚血瘀型消化性溃疡的4种食疗方 湿热下注型阳萎2种食疗方 气虚下陷型胃下垂的4种食疗方 气滞血瘀慢性鼻炎2食疗方 肝郁痰结型颈部淋巴结核3种食疗方 疾病预防 右眼跳灾、左眼跳财 这个科学吗？眼皮跳 子宫肌瘤的食疗护理 中老年人白内障的日常饮食食物选择 枕头里装点旧茶叶有降血压效果 肝病患者饮食应该注意的食物 散光眼产生的原因与临床表现 防治近视的中医疗法有哪些 夏季防感冒三个有效的方法 秋天应该注意预防的疾病 秋季应该要预防哪些疾病 其他热文推荐 气阴两虚型肺结核的4种食疗方 磁朱丸 党参的药理研究与临床应用 木蝴蝶的功效与作用 独活寄生汤 当归补血汤 芫荽（香菜）的功效与药用价值 调经姊妹丸 治湿热内蕴型皮肤瘙痒症的3种食疗方 中医诊断3个基本原则 网站简介 | 联系我们 | 合作洽谈 | 人才招聘 | 友情链接 | 版权声明 | 网站导航 Copyright © 2012 WWW.CNZYAO.COM All Rights Reserved. 中医药网 版权所有 Email: cnzyao@gmail.com var _hmt = _hmt || []; (function() { var hm = document.createElement(""script""); hm.src = ""https://hm.baidu.com/hm.js?def4d792efb00527de2216eae58eb6d5""; var s = document.getElementsByTagName(""script"")[0]; s.parentNode.insertBefore(hm, s); })(); 备案/许可证编号： 闽ICP备11026215号-2",将火麻仁、芝麻打碎，与栗子粉、玉米面、适量红糖拌匀，以水合面蒸成糕。 【功效】 补气润肠通便。
阴虚火旺功能性子宫出血,http://www.cnzyao.com/shiliao/fck/1314.html,【氽蛎肉】,鲜蛎肉250克，肉汤500毫升。,滋阴养血，清热止崩。 用法： 食肉饮汤。 【甲鱼虫草汤】,将肉汤烧沸，氽入蛎肉，煮沸即可，以食盐、味精调味。 【功效】 滋阴养血，清热止崩。
阴虚火旺功能性子宫出血,http://www.cnzyao.com/shiliao/fck/1314.html,【甲鱼虫草汤】,甲鱼1只（约500克）， 冬虫夏草 20克，藕节50克。,滋阴清热，固冲止血。 用法： 饮汤食肉。 【茜草乌龟汤】,将甲鱼去头及内脏，切块，与冬虫夏草、藕节一起放入砂锅内，加水适量，用文火炖1小时，加入调料。 【功效】 滋阴清热，固冲止血。
阴虚火旺功能性子宫出血,http://www.cnzyao.com/shiliao/fck/1314.html,【茜草乌龟汤】,乌龟1只， 海螵蛸 30克，茜草根20克。,滋阴凉血，调经止血。 用法： 随量食饮。 【墨鱼炖乌鸡】,将乌龟用沸水烫死后，去壳及内脏，洗净，斩成小块，与海螵蛸、茜草根一起放入砂锅内，加清水适量，武火烧沸后，改用文火煮3小时，调味即可。 【功效】 滋阴凉血，调经止血。
阴虚火旺功能性子宫出血,http://www.cnzyao.com/shiliao/fck/1314.html,【墨鱼炖乌鸡】,墨鱼250克，甲鱼1只， 乌骨鸡 1只。,"滋阴养血，化瘀调经。 用法： 佐餐随量食用。 （本文由 中医药网 整理或引用，内容仅供参考，转载请注明出处，谢谢合作。） 上一篇： 脾气虚弱功能性子宫出血4种食疗方 下一篇： 肾阳不足功能性子宫出血2种食疗方 更多关于 阴虚火旺功能性子宫出血,功能性子宫出血 的文章 [ 妇科病食疗 ] 肾阳不足功能性子宫出血2种食疗方 [ 妇科病食疗 ] 脾气虚弱功能性子宫出血4种食疗方 [ 妇科病食疗 ] 瘀血阻滞型功能性子宫出血4种食疗方 [ 妇科病食疗 ] 血热妄行型功能性子宫出血5种食疗方 妇科病食疗频道热点文章： 脾气虚弱功能性子宫出血4种食疗方 气滞血瘀闭经的3种食疗方 痰湿阻滞闭经的3种食疗方 气滞水停妊娠水肿的4种食疗方 气血虚弱闭经的3种食疗方 药膳食谱大全 内科食疗 外科食疗 妇科病食疗 儿科食疗 五官科食疗 皮肤病食疗 药膳食谱大全热文排行 湿热下注型带下病的4种食疗方 女性月经不调有哪些食疗法？ 肺胃热盛型痤疮的4种食疗方 肝胃不和型慢性胃炎的4种食疗方 淋巴结炎的常见食疗方 脾胃虚寒型慢性胃炎6种食疗方 脾虚湿盛型带下病的3种食疗方 气滞血瘀闭经的3种食疗方 肝气郁结神经衰弱的3种食疗方 糖尿病的常见的食疗方法 中医病理 内科疾病诊断 外科疾病诊断 妇科疾病诊断 儿科疾病诊断 皮肤病诊断 五官科疾病诊断 药膳食谱大全文章推荐 中气不足型低血压 糖尿病的常见的食疗方法 湿热下注型阳萎2种食疗方 气阴两虚型冠心病的3种食疗方 气虚下陷型胃下垂的4种食疗方 气滞血瘀慢性鼻炎2食疗方 脾虚型腹泻的4种食疗方 气虚下陷型脱肛的3种食疗方 肝郁痰结型颈部淋巴结核3种食疗方 脾虚血瘀型消化性溃疡的4种食疗方 疾病预防 右眼跳灾、左眼跳财 这个科学吗？眼皮跳 子宫肌瘤的食疗护理 中老年人白内障的日常饮食食物选择 枕头里装点旧茶叶有降血压效果 肝病患者饮食应该注意的食物 散光眼产生的原因与临床表现 防治近视的中医疗法有哪些 夏季防感冒三个有效的方法 秋天应该注意预防的疾病 秋季应该要预防哪些疾病 其他热文推荐 当归补血汤 磁朱丸 治湿热内蕴型皮肤瘙痒症的3种食疗方 芫荽（香菜）的功效与药用价值 党参的药理研究与临床应用 中医诊断3个基本原则 气阴两虚型肺结核的4种食疗方 木蝴蝶的功效与作用 独活寄生汤 调经姊妹丸 网站简介 | 联系我们 | 合作洽谈 | 人才招聘 | 友情链接 | 版权声明 | 网站导航 Copyright © 2012 WWW.CNZYAO.COM All Rights Reserved. 中医药网 版权所有 Email: cnzyao@gmail.com var _hmt = _hmt || []; (function() { var hm = document.createElement(""script""); hm.src = ""https://hm.baidu.com/hm.js?def4d792efb00527de2216eae58eb6d5""; var s = document.getElementsByTagName(""script"")[0]; s.parentNode.insertBefore(hm, s); })(); 备案/许可证编号： 闽ICP备11026215号-2",将墨鱼去骨，甲鱼去关、爪、内脏，用开水烫后去黑衣，乌骨鸡去毛、内脏洗净后一起入锅，加适量水，武火煮沸，改用文火炖1小时至烂熟，加食盐调味。 【功效】 滋阴养血，化瘀调经。
肝肾阴亏型更年期综合症,http://www.cnzyao.com/shiliao/fck/1182.html,【甘麦大枣汤】,小麦50克左右，大枣10克， 甘草 15克。,益气养阴，宁心安神。 用法： 早晚分食。 【清蒸杞甲鱼】,用水煎甘草，去渣取汁，再用药汁与大枣、小麦一起煮粥。 【功效】 益气养阴，宁心安神。
肝肾阴亏型更年期综合症,http://www.cnzyao.com/shiliao/fck/1182.html,【清蒸杞甲鱼】,甲鱼1只， 枸杞子 15克。,滋补肝肾。 用法： 食肉饮汤。 【百合枣仁汤】,甲鱼去内脏，用开水烫2～3分钟，去黑衣，洗净，再将枸杞子放入甲鱼腹内，加葱、姜、蒜、盐、糖等调料少许，放锅上清蒸。 【功效】 滋补肝肾。
肝肾阴亏型更年期综合症,http://www.cnzyao.com/shiliao/fck/1182.html,【百合枣仁汤】,鲜百合50克，枣仁15克。,滋阴清热，宁心安神。 用法： 饮汤吃百合，每日1剂。 【百合地黄粥】,先将百合用清水浸土昼夜，枣仁水煎去渣取汁，加入百合煮熟。 【功效】 滋阴清热，宁心安神。
肝肾阴亏型更年期综合症,http://www.cnzyao.com/shiliao/fck/1182.html,【百合地黄粥】,百合 30克，生地15克，枣仁10克， 粳米 100克。,滋补肝肾，养心安神。 用法： 每日2次，温热服食。 【枸杞肉丝】,前三味加水煎，去渣取药汁，把粳米加入药汁中煮粥。 【功效】 滋补肝肾，养心安神。
肝肾阴亏型更年期综合症,http://www.cnzyao.com/shiliao/fck/1182.html,【枸杞肉丝】,枸杞子10克，瘦猪肉100克，熟冬笋30克。,"滋补肝肾。 用法： 每日1次，佐餐食用 （本文由 中医药网 整理或引用，内容仅供参考，转载请注明出处，谢谢合作。） 上一篇： 湿热下注型带下病的4种食疗方 下一篇： 肾阳虚衰型更年期综合症3种食疗方 更多关于 肝肾阴亏型更年期综合症,更年期综合症 的文章 [ 妇科病食疗 ] 肾阳虚衰型更年期综合症3种食疗方 妇科病食疗频道热点文章： 痰湿阻滞闭经的3种食疗方 气滞水停妊娠水肿的4种食疗方 气滞血瘀闭经的3种食疗方 脾气虚弱功能性子宫出血4种食疗方 气血虚弱闭经的3种食疗方 药膳食谱大全 内科食疗 外科食疗 妇科病食疗 儿科食疗 五官科食疗 皮肤病食疗 药膳食谱大全热文排行 湿热下注型带下病的4种食疗方 女性月经不调有哪些食疗法？ 肺胃热盛型痤疮的4种食疗方 肝胃不和型慢性胃炎的4种食疗方 淋巴结炎的常见食疗方 脾胃虚寒型慢性胃炎6种食疗方 脾虚湿盛型带下病的3种食疗方 气滞血瘀闭经的3种食疗方 肝气郁结神经衰弱的3种食疗方 糖尿病的常见的食疗方法 中医病理 内科疾病诊断 外科疾病诊断 妇科疾病诊断 儿科疾病诊断 皮肤病诊断 五官科疾病诊断 药膳食谱大全文章推荐 气阴两虚型冠心病的3种食疗方 中气不足型低血压 湿热下注型阳萎2种食疗方 脾虚型腹泻的4种食疗方 脾虚血瘀型消化性溃疡的4种食疗方 气滞血瘀慢性鼻炎2食疗方 肝郁痰结型颈部淋巴结核3种食疗方 气虚下陷型脱肛的3种食疗方 气虚下陷型胃下垂的4种食疗方 糖尿病的常见的食疗方法 疾病预防 右眼跳灾、左眼跳财 这个科学吗？眼皮跳 子宫肌瘤的食疗护理 中老年人白内障的日常饮食食物选择 枕头里装点旧茶叶有降血压效果 肝病患者饮食应该注意的食物 散光眼产生的原因与临床表现 防治近视的中医疗法有哪些 夏季防感冒三个有效的方法 秋天应该注意预防的疾病 秋季应该要预防哪些疾病 其他热文推荐 磁朱丸 调经姊妹丸 中医诊断3个基本原则 独活寄生汤 芫荽（香菜）的功效与药用价值 党参的药理研究与临床应用 治湿热内蕴型皮肤瘙痒症的3种食疗方 当归补血汤 木蝴蝶的功效与作用 气阴两虚型肺结核的4种食疗方 网站简介 | 联系我们 | 合作洽谈 | 人才招聘 | 友情链接 | 版权声明 | 网站导航 Copyright © 2012 WWW.CNZYAO.COM All Rights Reserved. 中医药网 版权所有 Email: cnzyao@gmail.com var _hmt = _hmt || []; (function() { var hm = document.createElement(""script""); hm.src = ""https://hm.baidu.com/hm.js?def4d792efb00527de2216eae58eb6d5""; var s = document.getElementsByTagName(""script"")[0]; s.parentNode.insertBefore(hm, s); })(); 备案/许可证编号： 闽ICP备11026215号-2",将猪肉、冬笋切丝。锅内放猪油烧热，投入肉丝、笋丝、枸杞爆炒至熟，加食盐、酱油、味精调味。 【功效】 滋补肝肾。
瘀血阻滞型功能性子宫出血,http://www.cnzyao.com/shiliao/fck/1312.html,【黑木耳蒸鸡】,黑木耳30克，鸡肉200克。,祛瘀止血。 用法： 佐餐随量食用。 【山楂红糖水】,将黑木耳用清水泡发，洗净，备用；把鸡肉切成小块，加入食盐、酱油、生粉、白糖、味精腌渍20分钟，再加入黑木耳搅匀，文火隔水蒸熟。 【功效】 祛瘀止血。
瘀血阻滞型功能性子宫出血,http://www.cnzyao.com/shiliao/fck/1312.html,【山楂红糖水】,山楂 30克，红糖20克， 益母草 20克。,活血祛瘀。 用法： 每日1剂，分2次服。 【三七藕蛋羹】,将山楂、益母草，放入砂锅内，加清水适量，煮取汁液，加入红糖，再煮至红糖完全溶解。 【功效】 活血祛瘀。
瘀血阻滞型功能性子宫出血,http://www.cnzyao.com/shiliao/fck/1312.html,【三七藕蛋羹】,鲜藕适量， 三七 粉5克，鸡蛋1个。,化瘀止血。 用法： 以上为1次量，每日2次。 【益母草煮蛋】,将藕洗净切碎，用纱布绞取汁液1小杯，加少许水煮沸，把三七粉与鸡蛋调匀，倒入藕汁中成羹，加入盐、猪油调味。 【功效】 化瘀止血。
瘀血阻滞型功能性子宫出血,http://www.cnzyao.com/shiliao/fck/1312.html,【益母草煮蛋】,益母草60克，鸡蛋2个。,"活血调经。 用法： 每日1剂，分2次吃蛋饮汤。 （本文由 中医药网 整理或引用，内容仅供参考，转载请注明出处，谢谢合作。） 上一篇： 血热妄行型功能性子宫出血5种食疗方 下一篇： 脾气虚弱功能性子宫出血4种食疗方 更多关于 瘀血阻滞型功能性子宫出血,功能性子宫出血 的文章 [ 妇科病食疗 ] 肾阳不足功能性子宫出血2种食疗方 [ 妇科病食疗 ] 阴虚火旺功能性子宫出血4种食疗方 [ 妇科病食疗 ] 脾气虚弱功能性子宫出血4种食疗方 [ 妇科病食疗 ] 血热妄行型功能性子宫出血5种食疗方 妇科病食疗频道热点文章： 气滞水停妊娠水肿的4种食疗方 痰湿阻滞闭经的3种食疗方 脾气虚弱功能性子宫出血4种食疗方 气滞血瘀闭经的3种食疗方 气血虚弱闭经的3种食疗方 药膳食谱大全 内科食疗 外科食疗 妇科病食疗 儿科食疗 五官科食疗 皮肤病食疗 药膳食谱大全热文排行 湿热下注型带下病的4种食疗方 女性月经不调有哪些食疗法？ 肺胃热盛型痤疮的4种食疗方 肝胃不和型慢性胃炎的4种食疗方 淋巴结炎的常见食疗方 脾胃虚寒型慢性胃炎6种食疗方 脾虚湿盛型带下病的3种食疗方 气滞血瘀闭经的3种食疗方 肝气郁结神经衰弱的3种食疗方 糖尿病的常见的食疗方法 中医病理 内科疾病诊断 外科疾病诊断 妇科疾病诊断 儿科疾病诊断 皮肤病诊断 五官科疾病诊断 药膳食谱大全文章推荐 肝郁痰结型颈部淋巴结核3种食疗方 中气不足型低血压 气滞血瘀慢性鼻炎2食疗方 气虚下陷型脱肛的3种食疗方 湿热下注型阳萎2种食疗方 气虚下陷型胃下垂的4种食疗方 脾虚血瘀型消化性溃疡的4种食疗方 脾虚型腹泻的4种食疗方 气阴两虚型冠心病的3种食疗方 糖尿病的常见的食疗方法 疾病预防 右眼跳灾、左眼跳财 这个科学吗？眼皮跳 子宫肌瘤的食疗护理 中老年人白内障的日常饮食食物选择 枕头里装点旧茶叶有降血压效果 肝病患者饮食应该注意的食物 散光眼产生的原因与临床表现 防治近视的中医疗法有哪些 夏季防感冒三个有效的方法 秋天应该注意预防的疾病 秋季应该要预防哪些疾病 其他热文推荐 独活寄生汤 木蝴蝶的功效与作用 治湿热内蕴型皮肤瘙痒症的3种食疗方 芫荽（香菜）的功效与药用价值 气阴两虚型肺结核的4种食疗方 调经姊妹丸 当归补血汤 磁朱丸 党参的药理研究与临床应用 中医诊断3个基本原则 网站简介 | 联系我们 | 合作洽谈 | 人才招聘 | 友情链接 | 版权声明 | 网站导航 Copyright © 2012 WWW.CNZYAO.COM All Rights Reserved. 中医药网 版权所有 Email: cnzyao@gmail.com var _hmt = _hmt || []; (function() { var hm = document.createElement(""script""); hm.src = ""https://hm.baidu.com/hm.js?def4d792efb00527de2216eae58eb6d5""; var s = document.getElementsByTagName(""script"")[0]; s.parentNode.insertBefore(hm, s); })(); 备案/许可证编号： 闽ICP备11026215号-2",益母草与鸡蛋同煮至熟，蛋去壳，再煮片刻。 【功效】 活血调经。
肝郁气滞产后缺乳,http://www.cnzyao.com/shiliao/fck/653.html,【金针炖肉】,干黄花菜30克，猪瘦肉250克。,宣郁通乳。 用法： 佐餐分3次吃完，5日为1个疗程。 【海带佛手浆】,将瘦猪肉切成小块，与黄花菜一起放入锅内，加水适量，炖熟，调味即可。 【功效】 宣郁通乳。
肝郁气滞产后缺乳,http://www.cnzyao.com/shiliao/fck/653.html,【海带佛手浆】,豆浆300克，海带60克， 佛手 10克。,行气解郁，散结通乳。 用法： 1次饮服，每日1次，连服5日。 【橘叶青皮猪蹄汤】,海带、佛手加水适量，煎煮30分钟，再入豆浆煮30分钟。 【功效】 行气解郁，散结通乳。
肝郁气滞产后缺乳,http://www.cnzyao.com/shiliao/fck/653.html,【橘叶青皮猪蹄汤】,橘叶、 青皮 笤10克，猪蹄1只。,"行气通乳。 用法： 饮汤吃肉，每日数次。 （本文由 中医药网 整理或引用，内容仅供参考，转载请注明出处，谢谢合作。） 上一篇： 气血虚弱产后缺乳4种食疗方 下一篇： 肝肾不足闭经的3种食疗方 更多关于 肝郁气滞产后缺乳,产后缺乳 的文章 [ 妇科病食疗 ] 产后缺乳的食疗药膳 [ 妇科病食疗 ] 气血虚弱产后缺乳4种食疗方 妇科病食疗频道热点文章： 脾气虚弱功能性子宫出血4种食疗方 气滞血瘀闭经的3种食疗方 痰湿阻滞闭经的3种食疗方 气血虚弱闭经的3种食疗方 气滞水停妊娠水肿的4种食疗方 药膳食谱大全 内科食疗 外科食疗 妇科病食疗 儿科食疗 五官科食疗 皮肤病食疗 药膳食谱大全热文排行 湿热下注型带下病的4种食疗方 女性月经不调有哪些食疗法？ 肺胃热盛型痤疮的4种食疗方 肝胃不和型慢性胃炎的4种食疗方 淋巴结炎的常见食疗方 脾胃虚寒型慢性胃炎6种食疗方 脾虚湿盛型带下病的3种食疗方 气滞血瘀闭经的3种食疗方 肝气郁结神经衰弱的3种食疗方 糖尿病的常见的食疗方法 中医病理 内科疾病诊断 外科疾病诊断 妇科疾病诊断 儿科疾病诊断 皮肤病诊断 五官科疾病诊断 药膳食谱大全文章推荐 中气不足型低血压 糖尿病的常见的食疗方法 气虚下陷型脱肛的3种食疗方 气阴两虚型冠心病的3种食疗方 脾虚血瘀型消化性溃疡的4种食疗方 气滞血瘀慢性鼻炎2食疗方 脾虚型腹泻的4种食疗方 肝郁痰结型颈部淋巴结核3种食疗方 湿热下注型阳萎2种食疗方 气虚下陷型胃下垂的4种食疗方 疾病预防 右眼跳灾、左眼跳财 这个科学吗？眼皮跳 子宫肌瘤的食疗护理 中老年人白内障的日常饮食食物选择 枕头里装点旧茶叶有降血压效果 肝病患者饮食应该注意的食物 散光眼产生的原因与临床表现 防治近视的中医疗法有哪些 夏季防感冒三个有效的方法 秋天应该注意预防的疾病 秋季应该要预防哪些疾病 其他热文推荐 党参的药理研究与临床应用 当归补血汤 木蝴蝶的功效与作用 中医诊断3个基本原则 独活寄生汤 磁朱丸 治湿热内蕴型皮肤瘙痒症的3种食疗方 调经姊妹丸 芫荽（香菜）的功效与药用价值 气阴两虚型肺结核的4种食疗方 网站简介 | 联系我们 | 合作洽谈 | 人才招聘 | 友情链接 | 版权声明 | 网站导航 Copyright © 2012 WWW.CNZYAO.COM All Rights Reserved. 中医药网 版权所有 Email: cnzyao@gmail.com var _hmt = _hmt || []; (function() { var hm = document.createElement(""script""); hm.src = ""https://hm.baidu.com/hm.js?def4d792efb00527de2216eae58eb6d5""; var s = document.getElementsByTagName(""script"")[0]; s.parentNode.insertBefore(hm, s); })(); 备案/许可证编号： 闽ICP备11026215号-2",先把猪蹄洗净，再与橘叶、青皮加水适量同煮，炖至猪蹄烂熟。 【功效】 行气通乳。
气血虚弱型痛经,http://www.cnzyao.com/shiliao/fck/599.html,【归芪酒】,当归 、 黄芪 各150克，红枣100克。,益气养血，活血调经。 用法： 每次饮10毫升，每日2次，7日为1个疗程，行经前5日开始饮服。以上剂量可用3个疗程。 【桃仁墨鱼】,将黄芪、当归切片，与红枣一起置纱布袋内，投入盛酒容器，加酒500毫升，加盖密封7日。 【功效】 益气养血，活血调经。
气血虚弱型痛经,http://www.cnzyao.com/shiliao/fck/599.html,【桃仁墨鱼】,墨鱼150克， 桃仁 6克。,养血活血，调经。 用法： 佐餐食用，每日1次，经前连用3日。 【黄芪乌鸡】,将墨鱼水泡后，去骨、皮后洗净，与桃仁一起放入锅内，加葱、姜、盐、清水，用武火烧沸后，改用文火，煮至墨鱼烂熟。 【功效】 养血活血，调经。
气血虚弱型痛经,http://www.cnzyao.com/shiliao/fck/599.html,【黄芪乌鸡】,黄芪100克，乌骨鸡1只（约1000克）。,"益气养血，调经。 用法： 以上为5日量。月经前3日食用。 （本文由 中医药网 整理或引用，内容仅供参考，转载请注明出处，谢谢合作。） 上一篇： 寒湿凝滞型痛经的4种简单食疗方 下一篇： 肝肾不足型痛经的3中食疗方 更多关于 气血虚弱型痛经,痛经 的文章 [ 妇科病食疗 ] 肝肾不足型痛经的3中食疗方 [ 妇科病食疗 ] 寒湿凝滞型痛经的4种简单食疗方 [ 妇科病食疗 ] 气滞血瘀型痛经食疗4种方法 妇科病食疗频道热点文章： 脾气虚弱功能性子宫出血4种食疗方 气滞水停妊娠水肿的4种食疗方 气血虚弱闭经的3种食疗方 痰湿阻滞闭经的3种食疗方 气滞血瘀闭经的3种食疗方 药膳食谱大全 内科食疗 外科食疗 妇科病食疗 儿科食疗 五官科食疗 皮肤病食疗 药膳食谱大全热文排行 湿热下注型带下病的4种食疗方 女性月经不调有哪些食疗法？ 肺胃热盛型痤疮的4种食疗方 肝胃不和型慢性胃炎的4种食疗方 淋巴结炎的常见食疗方 脾胃虚寒型慢性胃炎6种食疗方 脾虚湿盛型带下病的3种食疗方 气滞血瘀闭经的3种食疗方 肝气郁结神经衰弱的3种食疗方 糖尿病的常见的食疗方法 中医病理 内科疾病诊断 外科疾病诊断 妇科疾病诊断 儿科疾病诊断 皮肤病诊断 五官科疾病诊断 药膳食谱大全文章推荐 气滞血瘀慢性鼻炎2食疗方 气虚下陷型胃下垂的4种食疗方 中气不足型低血压 气虚下陷型脱肛的3种食疗方 脾虚型腹泻的4种食疗方 湿热下注型阳萎2种食疗方 肝郁痰结型颈部淋巴结核3种食疗方 气阴两虚型冠心病的3种食疗方 脾虚血瘀型消化性溃疡的4种食疗方 糖尿病的常见的食疗方法 疾病预防 右眼跳灾、左眼跳财 这个科学吗？眼皮跳 子宫肌瘤的食疗护理 中老年人白内障的日常饮食食物选择 枕头里装点旧茶叶有降血压效果 肝病患者饮食应该注意的食物 散光眼产生的原因与临床表现 防治近视的中医疗法有哪些 夏季防感冒三个有效的方法 秋天应该注意预防的疾病 秋季应该要预防哪些疾病 其他热文推荐 磁朱丸 芫荽（香菜）的功效与药用价值 独活寄生汤 当归补血汤 木蝴蝶的功效与作用 党参的药理研究与临床应用 气阴两虚型肺结核的4种食疗方 中医诊断3个基本原则 调经姊妹丸 治湿热内蕴型皮肤瘙痒症的3种食疗方 网站简介 | 联系我们 | 合作洽谈 | 人才招聘 | 友情链接 | 版权声明 | 网站导航 Copyright © 2012 WWW.CNZYAO.COM All Rights Reserved. 中医药网 版权所有 Email: cnzyao@gmail.com var _hmt = _hmt || []; (function() { var hm = document.createElement(""script""); hm.src = ""https://hm.baidu.com/hm.js?def4d792efb00527de2216eae58eb6d5""; var s = document.getElementsByTagName(""script"")[0]; s.parentNode.insertBefore(hm, s); })(); 备案/许可证编号： 闽ICP备11026215号-2",黄芪切段后放入鸡腹内，鸡放砂锅内，加水适量，煮沸后，改用文火，待鸡熟烂，加盐调味。 【功效】 益气养血，调经。
肾气不足型带下病,http://www.cnzyao.com/shiliao/fck/1081.html,【芡实核桃粥】,芡实 粉30克，核桃肉15克，红枣7枚。,益气温肾，止带。 用法： 每日1次，可作点心，连用半个月。 【韭菜粥】,将核桃肉打碎，红枣去核，芡实粉用凉开水打成糊状，放入滚开水中搅拌，再入核桃肉、红枣，煮成粥，加糖食用。 【功效】 益气温肾，止带。
肾气不足型带下病,http://www.cnzyao.com/shiliao/fck/1081.html,【韭菜粥】,韭菜 50克，粳米50克。,补肾壮阳，固精止带。 用法： 每日1次，供早餐服食，连用半个月。 【山药羊肉粥】,韭菜切碎，同粳米共入锅中，加水煮至粥成即可。 【功效】 补肾壮阳，固精止带。
肾气不足型带下病,http://www.cnzyao.com/shiliao/fck/1081.html,【山药羊肉粥】,羊肉500克， 山药 50克，生姜15克，葱30克， 胡椒 6克，绍酒20克，食盐3克。,补脾益肾，温中暖下。 用法： 佐餐食用，每日1次，连服1个月。 【芡实糯米鸡】,把精羊肉入沸水中氽去血水，将山药清水焖透后切片，与羊肉同煮，投入葱、姜和调料，武火烧沸后去浮沫，再以文火炖至酥烂。羊肉捞出切片，放入碗中，把原汤连山药一同倒入羊肉碗中。 【功效】 补脾益肾，温中暖下。
肾气不足型带下病,http://www.cnzyao.com/shiliao/fck/1081.html,【芡实糯米鸡】,芡实50克，莲子50克， 乌骨鸡 1只（约500克），糯米100克。,"健脾补肾，除湿止带。 用法： 分次酌量食用。连服2周。 （本文由 中医药网 整理或引用，内容仅供参考，转载请注明出处，谢谢合作。） 上一篇： 脾虚湿盛型带下病的3种食疗方 下一篇： 湿热下注型带下病的4种食疗方 更多关于 肾气不足型带下病,带下病 的文章 [ 妇科病食疗 ] 湿热下注型带下病的4种食疗方 [ 妇科病食疗 ] 脾虚湿盛型带下病的3种食疗方 妇科病食疗频道热点文章： 痰湿阻滞闭经的3种食疗方 气血虚弱闭经的3种食疗方 气滞血瘀闭经的3种食疗方 气滞水停妊娠水肿的4种食疗方 脾气虚弱功能性子宫出血4种食疗方 药膳食谱大全 内科食疗 外科食疗 妇科病食疗 儿科食疗 五官科食疗 皮肤病食疗 药膳食谱大全热文排行 湿热下注型带下病的4种食疗方 女性月经不调有哪些食疗法？ 肺胃热盛型痤疮的4种食疗方 肝胃不和型慢性胃炎的4种食疗方 淋巴结炎的常见食疗方 脾胃虚寒型慢性胃炎6种食疗方 脾虚湿盛型带下病的3种食疗方 气滞血瘀闭经的3种食疗方 肝气郁结神经衰弱的3种食疗方 糖尿病的常见的食疗方法 中医病理 内科疾病诊断 外科疾病诊断 妇科疾病诊断 儿科疾病诊断 皮肤病诊断 五官科疾病诊断 药膳食谱大全文章推荐 湿热下注型阳萎2种食疗方 脾虚型腹泻的4种食疗方 气虚下陷型脱肛的3种食疗方 气阴两虚型冠心病的3种食疗方 中气不足型低血压 脾虚血瘀型消化性溃疡的4种食疗方 气滞血瘀慢性鼻炎2食疗方 肝郁痰结型颈部淋巴结核3种食疗方 气虚下陷型胃下垂的4种食疗方 糖尿病的常见的食疗方法 疾病预防 右眼跳灾、左眼跳财 这个科学吗？眼皮跳 子宫肌瘤的食疗护理 中老年人白内障的日常饮食食物选择 枕头里装点旧茶叶有降血压效果 肝病患者饮食应该注意的食物 散光眼产生的原因与临床表现 防治近视的中医疗法有哪些 夏季防感冒三个有效的方法 秋天应该注意预防的疾病 秋季应该要预防哪些疾病 其他热文推荐 当归补血汤 党参的药理研究与临床应用 芫荽（香菜）的功效与药用价值 气阴两虚型肺结核的4种食疗方 中医诊断3个基本原则 磁朱丸 木蝴蝶的功效与作用 调经姊妹丸 治湿热内蕴型皮肤瘙痒症的3种食疗方 独活寄生汤 网站简介 | 联系我们 | 合作洽谈 | 人才招聘 | 友情链接 | 版权声明 | 网站导航 Copyright © 2012 WWW.CNZYAO.COM All Rights Reserved. 中医药网 版权所有 Email: cnzyao@gmail.com var _hmt = _hmt || []; (function() { var hm = document.createElement(""script""); hm.src = ""https://hm.baidu.com/hm.js?def4d792efb00527de2216eae58eb6d5""; var s = document.getElementsByTagName(""script"")[0]; s.parentNode.insertBefore(hm, s); })(); 备案/许可证编号： 闽ICP备11026215号-2",将乌骨鸡去内脏，洗净，将莲子、芡实、糯米放入鸡腹中，用线缝口，放在砂锅内，加水适量，用文火炖烂熟，调味即可。 【功效】 健脾补肾，除湿止带。
脾气虚弱功能性子宫出血,http://www.cnzyao.com/shiliao/fck/1313.html,【桂圆莲子粥】,桂圆肉 20克，莲子肉15克，红枣6个，糯米30克。,健脾益气，养血止血。 用法： 每日1剂，可经常食用。 【乌贼骨炖鸡】,红枣去核，与糯米、桂圆肉、莲子肉一起放入锅内，加水适量，置武火上烧沸，改用文火熬煮至熟烂，加糖调味。 【功效】 健脾益气，养血止血。
脾气虚弱功能性子宫出血,http://www.cnzyao.com/shiliao/fck/1313.html,【乌贼骨炖鸡】,乌贼骨 30克，鸡肉100克。,健脾益气，养血摄血。 用法： 佐餐食用，食时去乌贼骨。每日1剂，5日为1个疗程。 【参芪乳鸽汤】,将鸡肉切块，乌贼骨打碎如蚕豆大，把鸡肉、乌贼骨装入陶罐内，加水和调味品，文火慢炖2小时。 【功效】 健脾益气，养血摄血。
脾气虚弱功能性子宫出血,http://www.cnzyao.com/shiliao/fck/1313.html,【参芪乳鸽汤】,西洋参5克，黄芪15克，乳鸽1只。,健脾益气，升阳摄血。 用法： 佐餐服食。 【人参升麻粥】,乳鸽去毛及内脏，腹中纳人参片、黄芪，加水适量，隔水蒸1小时，加盐少许调味。 【功效】 健脾益气，升阳摄血。
脾气虚弱功能性子宫出血,http://www.cnzyao.com/shiliao/fck/1313.html,【人参升麻粥】,人参 6克， 升麻 3克，粳米30克。,"补气摄血，升阳举陷。 用法： 每日1剂，连服1周。 （本文由 中医药网 整理或引用，内容仅供参考，转载请注明出处，谢谢合作。） 上一篇： 瘀血阻滞型功能性子宫出血4种食疗方 下一篇： 阴虚火旺功能性子宫出血4种食疗方 更多关于 脾气虚弱功能性子宫出血,功能性子宫出血 的文章 [ 妇科病食疗 ] 肾阳不足功能性子宫出血2种食疗方 [ 妇科病食疗 ] 阴虚火旺功能性子宫出血4种食疗方 [ 妇科病食疗 ] 瘀血阻滞型功能性子宫出血4种食疗方 [ 妇科病食疗 ] 血热妄行型功能性子宫出血5种食疗方 妇科病食疗频道热点文章： 脾气虚弱功能性子宫出血4种食疗方 气血虚弱闭经的3种食疗方 气滞血瘀闭经的3种食疗方 痰湿阻滞闭经的3种食疗方 气滞水停妊娠水肿的4种食疗方 药膳食谱大全 内科食疗 外科食疗 妇科病食疗 儿科食疗 五官科食疗 皮肤病食疗 药膳食谱大全热文排行 湿热下注型带下病的4种食疗方 女性月经不调有哪些食疗法？ 肺胃热盛型痤疮的4种食疗方 肝胃不和型慢性胃炎的4种食疗方 淋巴结炎的常见食疗方 脾胃虚寒型慢性胃炎6种食疗方 脾虚湿盛型带下病的3种食疗方 气滞血瘀闭经的3种食疗方 肝气郁结神经衰弱的3种食疗方 糖尿病的常见的食疗方法 中医病理 内科疾病诊断 外科疾病诊断 妇科疾病诊断 儿科疾病诊断 皮肤病诊断 五官科疾病诊断 药膳食谱大全文章推荐 气滞血瘀慢性鼻炎2食疗方 气虚下陷型脱肛的3种食疗方 气阴两虚型冠心病的3种食疗方 湿热下注型阳萎2种食疗方 脾虚型腹泻的4种食疗方 肝郁痰结型颈部淋巴结核3种食疗方 中气不足型低血压 气虚下陷型胃下垂的4种食疗方 脾虚血瘀型消化性溃疡的4种食疗方 糖尿病的常见的食疗方法 疾病预防 右眼跳灾、左眼跳财 这个科学吗？眼皮跳 子宫肌瘤的食疗护理 中老年人白内障的日常饮食食物选择 枕头里装点旧茶叶有降血压效果 肝病患者饮食应该注意的食物 散光眼产生的原因与临床表现 防治近视的中医疗法有哪些 夏季防感冒三个有效的方法 秋天应该注意预防的疾病 秋季应该要预防哪些疾病 其他热文推荐 独活寄生汤 治湿热内蕴型皮肤瘙痒症的3种食疗方 调经姊妹丸 磁朱丸 当归补血汤 党参的药理研究与临床应用 气阴两虚型肺结核的4种食疗方 中医诊断3个基本原则 芫荽（香菜）的功效与药用价值 木蝴蝶的功效与作用 网站简介 | 联系我们 | 合作洽谈 | 人才招聘 | 友情链接 | 版权声明 | 网站导航 Copyright © 2012 WWW.CNZYAO.COM All Rights Reserved. 中医药网 版权所有 Email: cnzyao@gmail.com var _hmt = _hmt || []; (function() { var hm = document.createElement(""script""); hm.src = ""https://hm.baidu.com/hm.js?def4d792efb00527de2216eae58eb6d5""; var s = document.getElementsByTagName(""script"")[0]; s.parentNode.insertBefore(hm, s); })(); 备案/许可证编号： 闽ICP备11026215号-2",将前二味煎取汁与粳米同煮为粥。 【功效】 补气摄血，升阳举陷。
脾虚湿盛型带下病,http://www.cnzyao.com/shiliao/fck/1080.html,【白果黄芪乌鸡汤】,白果 30克， 黄芪 50克，乌鸡1只（约500克），米酒50毫升。,健脾益气，固肾止带。 用法： 分次饮汤食肉。 【扁豆山药茶】,将乌鸡去内脏、头足，洗净，把白果放入鸡腹中，用线缝口，与黄芪一起放入砂锅内，加酒及水适量，用文火炖熟，调味即可。 【功效】 健脾益气，固肾止带。
脾虚湿盛型带下病,http://www.cnzyao.com/shiliao/fck/1080.html,【扁豆山药茶】,白扁豆、 山药 各20克。,健脾益气，化湿止带。 用法： 代茶频饮。 【三味薏米羹】,将白扁豆炒黄，捣碎，山药切片，二者水煎取汁，加糖令溶。 【功效】 健脾益气，化湿止带。
脾虚湿盛型带下病,http://www.cnzyao.com/shiliao/fck/1080.html,【三味薏米羹】,薏米、山药、莲子各30克。,"健脾益气，化湿止带。 用法： 早晚食用，连用7日。 （本文由 中医药网 整理或引用，内容仅供参考，转载请注明出处，谢谢合作。） 上一篇： 气滞水停妊娠水肿的4种食疗方 下一篇： 肾气不足型带下病的4种食疗方 更多关于 脾虚湿盛型带下病,带下病 的文章 [ 妇科病食疗 ] 湿热下注型带下病的4种食疗方 [ 妇科病食疗 ] 肾气不足型带下病的4种食疗方 妇科病食疗频道热点文章： 气血虚弱闭经的3种食疗方 痰湿阻滞闭经的3种食疗方 气滞血瘀闭经的3种食疗方 脾气虚弱功能性子宫出血4种食疗方 气滞水停妊娠水肿的4种食疗方 药膳食谱大全 内科食疗 外科食疗 妇科病食疗 儿科食疗 五官科食疗 皮肤病食疗 药膳食谱大全热文排行 湿热下注型带下病的4种食疗方 女性月经不调有哪些食疗法？ 肺胃热盛型痤疮的4种食疗方 肝胃不和型慢性胃炎的4种食疗方 淋巴结炎的常见食疗方 脾胃虚寒型慢性胃炎6种食疗方 脾虚湿盛型带下病的3种食疗方 气滞血瘀闭经的3种食疗方 肝气郁结神经衰弱的3种食疗方 糖尿病的常见的食疗方法 中医病理 内科疾病诊断 外科疾病诊断 妇科疾病诊断 儿科疾病诊断 皮肤病诊断 五官科疾病诊断 药膳食谱大全文章推荐 气虚下陷型脱肛的3种食疗方 气滞血瘀慢性鼻炎2食疗方 糖尿病的常见的食疗方法 气虚下陷型胃下垂的4种食疗方 脾虚型腹泻的4种食疗方 中气不足型低血压 气阴两虚型冠心病的3种食疗方 脾虚血瘀型消化性溃疡的4种食疗方 肝郁痰结型颈部淋巴结核3种食疗方 湿热下注型阳萎2种食疗方 疾病预防 右眼跳灾、左眼跳财 这个科学吗？眼皮跳 子宫肌瘤的食疗护理 中老年人白内障的日常饮食食物选择 枕头里装点旧茶叶有降血压效果 肝病患者饮食应该注意的食物 散光眼产生的原因与临床表现 防治近视的中医疗法有哪些 夏季防感冒三个有效的方法 秋天应该注意预防的疾病 秋季应该要预防哪些疾病 其他热文推荐 当归补血汤 木蝴蝶的功效与作用 气阴两虚型肺结核的4种食疗方 磁朱丸 调经姊妹丸 中医诊断3个基本原则 治湿热内蕴型皮肤瘙痒症的3种食疗方 独活寄生汤 芫荽（香菜）的功效与药用价值 党参的药理研究与临床应用 网站简介 | 联系我们 | 合作洽谈 | 人才招聘 | 友情链接 | 版权声明 | 网站导航 Copyright © 2012 WWW.CNZYAO.COM All Rights Reserved. 中医药网 版权所有 Email: cnzyao@gmail.com var _hmt = _hmt || []; (function() { var hm = document.createElement(""script""); hm.src = ""https://hm.baidu.com/hm.js?def4d792efb00527de2216eae58eb6d5""; var s = document.getElementsByTagName(""script"")[0]; s.parentNode.insertBefore(hm, s); })(); 备案/许可证编号： 闽ICP备11026215号-2",以上三味洗净，加水适量，用文火熬成粥。 【功效】 健脾益气，化湿止带。
肝肾不足型痛经,http://www.cnzyao.com/shiliao/fck/600.html,【枸杞炖兔肉】,枸杞子 15克，兔肉250克。,滋补肝肾，补气养血。 用法： 饮汤吃肉，每日1次。 【鳖甲炖白鸽】,将枸杞子和兔肉入适量水中，文火炖熟，用盐调味。 【功效】 滋补肝肾，补气养血。
肝肾不足型痛经,http://www.cnzyao.com/shiliao/fck/600.html,【鳖甲炖白鸽】,鳖甲 50克，白鸽1只。,补益肝肾，调补冲任。 用法： 佐餐食用。 【韭菜炒羊肝】,将白鸽用水憋死，除去毛及内脏，鳖甲洗净捶成碎块，放入白鸽腹内。将白鸽放入碗内，加姜、葱、盐、黄酒、清水，再将碗放入锅内隔水炖至鸽烂熟。 【功效】 补益肝肾，调补冲任。
肝肾不足型痛经,http://www.cnzyao.com/shiliao/fck/600.html,【韭菜炒羊肝】,韭菜 150克，羊肝200克。,"温补肝肾。 用法： 佐餐食用。每日1次，连食1周为1个疗程。经行前5日开始食用。 （本文由 中医药网 整理或引用，内容仅供参考，转载请注明出处，谢谢合作。） 上一篇： 气血虚弱型痛经的3种食疗方 下一篇： 气血虚弱产后缺乳4种食疗方 更多关于 肝肾不足型痛经,痛经 的文章 [ 妇科病食疗 ] 气血虚弱型痛经的3种食疗方 [ 妇科病食疗 ] 寒湿凝滞型痛经的4种简单食疗方 [ 妇科病食疗 ] 气滞血瘀型痛经食疗4种方法 妇科病食疗频道热点文章： 气滞水停妊娠水肿的4种食疗方 气血虚弱闭经的3种食疗方 气滞血瘀闭经的3种食疗方 脾气虚弱功能性子宫出血4种食疗方 痰湿阻滞闭经的3种食疗方 药膳食谱大全 内科食疗 外科食疗 妇科病食疗 儿科食疗 五官科食疗 皮肤病食疗 药膳食谱大全热文排行 湿热下注型带下病的4种食疗方 女性月经不调有哪些食疗法？ 肺胃热盛型痤疮的4种食疗方 肝胃不和型慢性胃炎的4种食疗方 淋巴结炎的常见食疗方 脾胃虚寒型慢性胃炎6种食疗方 脾虚湿盛型带下病的3种食疗方 气滞血瘀闭经的3种食疗方 肝气郁结神经衰弱的3种食疗方 糖尿病的常见的食疗方法 中医病理 内科疾病诊断 外科疾病诊断 妇科疾病诊断 儿科疾病诊断 皮肤病诊断 五官科疾病诊断 药膳食谱大全文章推荐 气虚下陷型脱肛的3种食疗方 糖尿病的常见的食疗方法 肝郁痰结型颈部淋巴结核3种食疗方 中气不足型低血压 湿热下注型阳萎2种食疗方 脾虚型腹泻的4种食疗方 气虚下陷型胃下垂的4种食疗方 脾虚血瘀型消化性溃疡的4种食疗方 气阴两虚型冠心病的3种食疗方 气滞血瘀慢性鼻炎2食疗方 疾病预防 右眼跳灾、左眼跳财 这个科学吗？眼皮跳 子宫肌瘤的食疗护理 中老年人白内障的日常饮食食物选择 枕头里装点旧茶叶有降血压效果 肝病患者饮食应该注意的食物 散光眼产生的原因与临床表现 防治近视的中医疗法有哪些 夏季防感冒三个有效的方法 秋天应该注意预防的疾病 秋季应该要预防哪些疾病 其他热文推荐 磁朱丸 调经姊妹丸 独活寄生汤 党参的药理研究与临床应用 气阴两虚型肺结核的4种食疗方 木蝴蝶的功效与作用 芫荽（香菜）的功效与药用价值 中医诊断3个基本原则 当归补血汤 治湿热内蕴型皮肤瘙痒症的3种食疗方 网站简介 | 联系我们 | 合作洽谈 | 人才招聘 | 友情链接 | 版权声明 | 网站导航 Copyright © 2012 WWW.CNZYAO.COM All Rights Reserved. 中医药网 版权所有 Email: cnzyao@gmail.com var _hmt = _hmt || []; (function() { var hm = document.createElement(""script""); hm.src = ""https://hm.baidu.com/hm.js?def4d792efb00527de2216eae58eb6d5""; var s = document.getElementsByTagName(""script"")[0]; s.parentNode.insertBefore(hm, s); })(); 备案/许可证编号： 闽ICP备11026215号-2",将羊肝切成小片，与韭菜一起于铁锅内急火烹炒，加入食盐、味精调味。 【功效】 温补肝肾。
寒湿凝滞型痛经,http://www.cnzyao.com/shiliao/fck/598.html,【椒附炖猪肚】,猪肚 150克， 附子 2克，川椒2克，粳米30克。,温经散寒止痛。 用法： 佐餐食用。 【姜艾鸡蛋】,将附子、川椒研末。猪肚洗净，装入药末、粳米及适量的葱，扎口入锅中，加水适量，微火煮至猪肚烂熟。 【功效】 温经散寒止痛。
寒湿凝滞型痛经,http://www.cnzyao.com/shiliao/fck/598.html,【姜艾鸡蛋】,生姜15克， 艾叶 9克，鸡蛋2个。,温经散寒止痛。 用法： 趁热饮汤吃蛋，每日1次，5日为1个疗程。行经前3日服用。 【姜枣花椒汤】,将艾叶切断，生姜拍碎，与鸡蛋一起放入锅中，加水300毫升同煮，蛋去壳，复入原汁中烧煮5分钟。 【功效】 温经散寒止痛。
寒湿凝滞型痛经,http://www.cnzyao.com/shiliao/fck/598.html,【姜枣花椒汤】,干姜 、大枣各30克，花椒9克。,温阳散寒化湿。 用法： 每日1剂，分2次温服，5日为1个疗程。行经前3日饮服。 【红糖姜汤】,干姜切片，大枣去核，加水适量，煮沸，再放入花椒，改用文火煎汤。 【功效】 温阳散寒化湿。
寒湿凝滞型痛经,http://www.cnzyao.com/shiliao/fck/598.html,【红糖姜汤】,红糖50克，生姜20克，大枣10枚。,"温经养血活血。 用法： 代茶频饮。 （本文由 中医药网 整理或引用，内容仅供参考，转载请注明出处，谢谢合作。） 上一篇： 气滞血瘀型痛经食疗4种方法 下一篇： 气血虚弱型痛经的3种食疗方 更多关于 寒湿凝滞型痛经,痛经 的文章 [ 妇科病食疗 ] 肝肾不足型痛经的3中食疗方 [ 妇科病食疗 ] 气血虚弱型痛经的3种食疗方 [ 妇科病食疗 ] 气滞血瘀型痛经食疗4种方法 妇科病食疗频道热点文章： 气滞水停妊娠水肿的4种食疗方 脾气虚弱功能性子宫出血4种食疗方 痰湿阻滞闭经的3种食疗方 气血虚弱闭经的3种食疗方 气滞血瘀闭经的3种食疗方 药膳食谱大全 内科食疗 外科食疗 妇科病食疗 儿科食疗 五官科食疗 皮肤病食疗 药膳食谱大全热文排行 湿热下注型带下病的4种食疗方 女性月经不调有哪些食疗法？ 肺胃热盛型痤疮的4种食疗方 肝胃不和型慢性胃炎的4种食疗方 淋巴结炎的常见食疗方 脾胃虚寒型慢性胃炎6种食疗方 脾虚湿盛型带下病的3种食疗方 气滞血瘀闭经的3种食疗方 肝气郁结神经衰弱的3种食疗方 糖尿病的常见的食疗方法 中医病理 内科疾病诊断 外科疾病诊断 妇科疾病诊断 儿科疾病诊断 皮肤病诊断 五官科疾病诊断 药膳食谱大全文章推荐 湿热下注型阳萎2种食疗方 气滞血瘀慢性鼻炎2食疗方 脾虚血瘀型消化性溃疡的4种食疗方 气虚下陷型脱肛的3种食疗方 脾虚型腹泻的4种食疗方 中气不足型低血压 糖尿病的常见的食疗方法 气虚下陷型胃下垂的4种食疗方 气阴两虚型冠心病的3种食疗方 肝郁痰结型颈部淋巴结核3种食疗方 疾病预防 右眼跳灾、左眼跳财 这个科学吗？眼皮跳 子宫肌瘤的食疗护理 中老年人白内障的日常饮食食物选择 枕头里装点旧茶叶有降血压效果 肝病患者饮食应该注意的食物 散光眼产生的原因与临床表现 防治近视的中医疗法有哪些 夏季防感冒三个有效的方法 秋天应该注意预防的疾病 秋季应该要预防哪些疾病 其他热文推荐 木蝴蝶的功效与作用 治湿热内蕴型皮肤瘙痒症的3种食疗方 独活寄生汤 气阴两虚型肺结核的4种食疗方 调经姊妹丸 党参的药理研究与临床应用 当归补血汤 磁朱丸 中医诊断3个基本原则 芫荽（香菜）的功效与药用价值 网站简介 | 联系我们 | 合作洽谈 | 人才招聘 | 友情链接 | 版权声明 | 网站导航 Copyright © 2012 WWW.CNZYAO.COM All Rights Reserved. 中医药网 版权所有 Email: cnzyao@gmail.com var _hmt = _hmt || []; (function() { var hm = document.createElement(""script""); hm.src = ""https://hm.baidu.com/hm.js?def4d792efb00527de2216eae58eb6d5""; var s = document.getElementsByTagName(""script"")[0]; s.parentNode.insertBefore(hm, s); })(); 备案/许可证编号： 闽ICP备11026215号-2",将红糖、大枣加水煎沸20分钟后，放入生姜，再煎5分钟。 【功效】 温经养血活血。
气血虚弱闭经,http://www.cnzyao.com/shiliao/fck/656.html,【红枣木瓜猪肝汤】,： 红枣20枚， 木瓜 1个， 猪肝 50克。,： 益气养血，通经活络。 【用法】： 每日1剂，分2次饮服，连用15日。 【归芪墨鱼片】,： 红枣去核，木瓜去皮、瓤，切成薄片，猪肝剁碎。三物共入锅内，加水用武火煮沸，再以文火炖煮30分钟，加盐调味。 【功效】： 益气养血，通经活络。
气血虚弱闭经,http://www.cnzyao.com/shiliao/fck/656.html,【归芪墨鱼片】,： 生姜丝30克， 当归 10克， 黄芪 20克，墨鱼300克。,： 益气养血，活血通经。 【用法】： 佐餐食用。 【当归红枣粥】,： 当归、黄芪水煎，取药液100毫升，备用，将墨鱼去骨，切片。妙锅放油烧热，将墨鱼片、姜丝放入锅内同炒，加盐少许，用归、芪药液加少量淀粉勾 芡，装盘。 【功效】： 益气养血，活血通经。
气血虚弱闭经,http://www.cnzyao.com/shiliao/fck/656.html,【当归红枣粥】,： 当归15克，红枣5枚，粳米50克。,"： 益气养血调经。 【用法】： 早晚空腹温热食服，10日为1个疗程。 （本文由 中医药网 整理或引用，内容仅供参考，转载请注明出处，谢谢合作。） 上一篇： 气滞血瘀闭经的3种食疗方 下一篇： 痰湿阻滞闭经的3种食疗方 更多关于 气血虚弱闭经,闭经 的文章 [ 妇科病食疗 ] 痰湿阻滞闭经的3种食疗方 [ 妇科病食疗 ] 气滞血瘀闭经的3种食疗方 [ 妇科病食疗 ] 肝肾不足闭经的3种食疗方 妇科病食疗频道热点文章： 气血虚弱闭经的3种食疗方 气滞水停妊娠水肿的4种食疗方 痰湿阻滞闭经的3种食疗方 气滞血瘀闭经的3种食疗方 脾气虚弱功能性子宫出血4种食疗方 药膳食谱大全 内科食疗 外科食疗 妇科病食疗 儿科食疗 五官科食疗 皮肤病食疗 药膳食谱大全热文排行 湿热下注型带下病的4种食疗方 女性月经不调有哪些食疗法？ 肺胃热盛型痤疮的4种食疗方 肝胃不和型慢性胃炎的4种食疗方 淋巴结炎的常见食疗方 脾胃虚寒型慢性胃炎6种食疗方 脾虚湿盛型带下病的3种食疗方 气滞血瘀闭经的3种食疗方 肝气郁结神经衰弱的3种食疗方 糖尿病的常见的食疗方法 中医病理 内科疾病诊断 外科疾病诊断 妇科疾病诊断 儿科疾病诊断 皮肤病诊断 五官科疾病诊断 药膳食谱大全文章推荐 气虚下陷型脱肛的3种食疗方 糖尿病的常见的食疗方法 脾虚血瘀型消化性溃疡的4种食疗方 气滞血瘀慢性鼻炎2食疗方 气阴两虚型冠心病的3种食疗方 湿热下注型阳萎2种食疗方 脾虚型腹泻的4种食疗方 中气不足型低血压 气虚下陷型胃下垂的4种食疗方 肝郁痰结型颈部淋巴结核3种食疗方 疾病预防 右眼跳灾、左眼跳财 这个科学吗？眼皮跳 子宫肌瘤的食疗护理 中老年人白内障的日常饮食食物选择 枕头里装点旧茶叶有降血压效果 肝病患者饮食应该注意的食物 散光眼产生的原因与临床表现 防治近视的中医疗法有哪些 夏季防感冒三个有效的方法 秋天应该注意预防的疾病 秋季应该要预防哪些疾病 其他热文推荐 木蝴蝶的功效与作用 调经姊妹丸 当归补血汤 党参的药理研究与临床应用 芫荽（香菜）的功效与药用价值 治湿热内蕴型皮肤瘙痒症的3种食疗方 磁朱丸 独活寄生汤 气阴两虚型肺结核的4种食疗方 中医诊断3个基本原则 网站简介 | 联系我们 | 合作洽谈 | 人才招聘 | 友情链接 | 版权声明 | 网站导航 Copyright © 2012 WWW.CNZYAO.COM All Rights Reserved. 中医药网 版权所有 Email: cnzyao@gmail.com var _hmt = _hmt || []; (function() { var hm = document.createElement(""script""); hm.src = ""https://hm.baidu.com/hm.js?def4d792efb00527de2216eae58eb6d5""; var s = document.getElementsByTagName(""script"")[0]; s.parentNode.insertBefore(hm, s); })(); 备案/许可证编号： 闽ICP备11026215号-2",： 当归用温水浸泡片刻，加水200毫升，煎取浓汁100毫升，入粳米、红枣，加水300毫升，煮至粥成，加红糖调味。 【功效】： 益气养血调经。
肝肾不足闭经,http://www.cnzyao.com/shiliao/fck/654.html,【鹿茸炖乌鸡】,： 鹿茸 10克，乌鸡1只（约1000克）。,： 温补肝肾，填补精血。 【用法】： 随量食用。 【阿胶粥】,： 将乌鸡去毛及内脏，洗净，切成小块，与鹿茸一起放入炖盅内，加开水适量，炖盅加盖，文火隔水炖3小时，调味即可。 【功效】： 温补肝肾，填补精血。
肝肾不足闭经,http://www.cnzyao.com/shiliao/fck/654.html,【阿胶粥】,： 阿胶30克，粳米50克。,： 滋肾益精，养血润燥。 【用法】： 早晚分食。 【党参杞子炖胎盘】,： 先将阿胶捣烂炒令黄燥，研末。再取粳米煮粥，粥成后下阿胶末搅匀。 【功效】： 滋肾益精，养血润燥。
肝肾不足闭经,http://www.cnzyao.com/shiliao/fck/654.html,【党参杞子炖胎盘】,： 党参30克，枸杞子20克， 甘草 3克，胎盘1／4个，瘦猪肉100克。,"： 补肝肾，益气血。 【用法】： 随量食用。 （本文由 中医药网 整理或引用，内容仅供参考，转载请注明出处，谢谢合作。） 上一篇： 肝郁气滞产后缺乳3种食疗方 下一篇： 气滞血瘀闭经的3种食疗方 更多关于 肝肾不足闭经,闭经 的文章 [ 妇科病食疗 ] 痰湿阻滞闭经的3种食疗方 [ 妇科病食疗 ] 气血虚弱闭经的3种食疗方 [ 妇科病食疗 ] 气滞血瘀闭经的3种食疗方 妇科病食疗频道热点文章： 气血虚弱闭经的3种食疗方 脾气虚弱功能性子宫出血4种食疗方 气滞水停妊娠水肿的4种食疗方 痰湿阻滞闭经的3种食疗方 气滞血瘀闭经的3种食疗方 药膳食谱大全 内科食疗 外科食疗 妇科病食疗 儿科食疗 五官科食疗 皮肤病食疗 药膳食谱大全热文排行 湿热下注型带下病的4种食疗方 女性月经不调有哪些食疗法？ 肺胃热盛型痤疮的4种食疗方 肝胃不和型慢性胃炎的4种食疗方 淋巴结炎的常见食疗方 脾胃虚寒型慢性胃炎6种食疗方 脾虚湿盛型带下病的3种食疗方 气滞血瘀闭经的3种食疗方 肝气郁结神经衰弱的3种食疗方 糖尿病的常见的食疗方法 中医病理 内科疾病诊断 外科疾病诊断 妇科疾病诊断 儿科疾病诊断 皮肤病诊断 五官科疾病诊断 药膳食谱大全文章推荐 气虚下陷型脱肛的3种食疗方 湿热下注型阳萎2种食疗方 脾虚型腹泻的4种食疗方 气虚下陷型胃下垂的4种食疗方 气阴两虚型冠心病的3种食疗方 气滞血瘀慢性鼻炎2食疗方 肝郁痰结型颈部淋巴结核3种食疗方 脾虚血瘀型消化性溃疡的4种食疗方 糖尿病的常见的食疗方法 中气不足型低血压 疾病预防 右眼跳灾、左眼跳财 这个科学吗？眼皮跳 子宫肌瘤的食疗护理 中老年人白内障的日常饮食食物选择 枕头里装点旧茶叶有降血压效果 肝病患者饮食应该注意的食物 散光眼产生的原因与临床表现 防治近视的中医疗法有哪些 夏季防感冒三个有效的方法 秋天应该注意预防的疾病 秋季应该要预防哪些疾病 其他热文推荐 党参的药理研究与临床应用 当归补血汤 磁朱丸 气阴两虚型肺结核的4种食疗方 治湿热内蕴型皮肤瘙痒症的3种食疗方 芫荽（香菜）的功效与药用价值 木蝴蝶的功效与作用 中医诊断3个基本原则 独活寄生汤 调经姊妹丸 网站简介 | 联系我们 | 合作洽谈 | 人才招聘 | 友情链接 | 版权声明 | 网站导航 Copyright © 2012 WWW.CNZYAO.COM All Rights Reserved. 中医药网 版权所有 Email: cnzyao@gmail.com var _hmt = _hmt || []; (function() { var hm = document.createElement(""script""); hm.src = ""https://hm.baidu.com/hm.js?def4d792efb00527de2216eae58eb6d5""; var s = document.getElementsByTagName(""script"")[0]; s.parentNode.insertBefore(hm, s); })(); 备案/许可证编号： 闽ICP备11026215号-2",： 将前三味装入纱布袋，猪肉切块，与洗净的胎盘一起放入锅内，加生姜片、料酒、清水适量，武火煮沸，去浮沫，改文火煮2小时，调味即可。 【功效】： 补肝肾，益气血。
